[
  {
    "image": "https://www.htmlgames.com/uploaded/game/thumb/colorcircle300200.jpg",
    "link": "https://www.htmlgames.com/game/Color+Circle",
    "name": "Color Circle",
    "embedLink": "https://cdn.htmlgames.com/ColorCircle/index.html?npa=1",
    "category": "Action"
  },
  {
    "image": "https://www.htmlgames.com/uploaded/game/thumb/dutchshuffleboard300.jpg",
    "link": "https://www.htmlgames.com/game/Dutch+Shuffleboard",
    "name": "Dutch Shuffleboard",
    "embedLink": "https://cdn.htmlgames.com/DutchShuffleboard/index.html?npa=1",
    "category": "Action"
  },
  {
    "image": "https://www.htmlgames.com/uploaded/game/thumb/aerobatics300200.jpg",
    "link": "https://www.htmlgames.com/game/Aerobatics",
    "name": "Aerobatics",
    "embedLink": "https://cdn.htmlgames.com/Aerobatics/index.html?npa=1",
    "category": "Action"
  },
  {
    "image": "https://www.htmlgames.com/uploaded/game/thumb/fruitcollector300200.jpg",
    "link": "https://www.htmlgames.com/game/Fruit+Collector",
    "name": "Fruit Collector",
    "embedLink": "https://cdn.htmlgames.com/FruitCollector/index.html?npa=1",
    "category": "Action"
  },
  {
    "image": "https://www.htmlgames.com/uploaded/game/thumb/soldierattack2300.jpg",
    "link": "https://www.htmlgames.com/game/Soldier+Attack+2",
    "name": "Soldier Attack 2",
    "embedLink": "https://cdn.htmlgames.com/SoldierAttack2/index.html?npa=1",
    "category": "Action"
  },
  {
    "image": "https://www.htmlgames.com/uploaded/game/thumb/skislalom300200.jpg",
    "link": "https://www.htmlgames.com/game/Ski+Slalom",
    "name": "Ski Slalom",
    "embedLink": "https://cdn.htmlgames.com/SkiSlalom/index.html?npa=1",
    "category": "Action"
  },
  {
    "image": "https://www.htmlgames.com/uploaded/game/thumb/colorcatch300200.jpg",
    "link": "https://www.htmlgames.com/game/Color+Catch",
    "name": "Color Catch",
    "embedLink": "https://cdn.htmlgames.com/ColorCatch/index.html?npa=1",
    "category": "Action"
  },
  {
    "image": "https://www.htmlgames.com/uploaded/game/thumb/junglejump300.jpg",
    "link": "https://www.htmlgames.com/game/Jungle+Jump",
    "name": "Jungle Jump",
    "embedLink": "https://cdn.htmlgames.com/JungleJump/index.html?npa=1",
    "category": "Action"
  },
  {
    "image": "https://www.htmlgames.com/uploaded/game/thumb/fishingtrip300200.jpg",
    "link": "https://www.htmlgames.com/game/Fishing+Trip",
    "name": "Fishing Trip",
    "embedLink": "https://cdn.htmlgames.com/FishingTrip/index.html?npa=1",
    "category": "Action"
  },
  {
    "image": "https://www.htmlgames.com/uploaded/game/thumb/frenzyfarm300200.jpg",
    "link": "https://www.htmlgames.com/game/Frenzy+Farm",
    "name": "Frenzy Farm",
    "embedLink": "https://cdn.htmlgames.com/FrenzyFarm/index.html?npa=1",
    "category": "Action"
  },
  {
    "image": "https://www.htmlgames.com/uploaded/game/thumb/monkeyintrouble300.jpg",
    "link": "https://www.htmlgames.com/game/Monkey+in+Trouble",
    "name": "Monkey in Trouble",
    "embedLink": "https://cdn.htmlgames.com/MonkeyInTrouble/index.html?npa=1",
    "category": "Action"
  },
  {
    "image": "https://www.htmlgames.com/uploaded/game/thumb/frozenforchristmas300200.jpg",
    "link": "https://www.htmlgames.com/game/Frozen+for+Christmas",
    "name": "Frozen for Christmas",
    "embedLink": "https://cdn.htmlgames.com/FrozenForChristmas/index.html?npa=1",
    "category": "Action"
  },
  {
    "image": "https://www.htmlgames.com/uploaded/game/thumb/redandgreen300200.jpg",
    "link": "https://www.htmlgames.com/game/Red+and+Green",
    "name": "Red and Green",
    "embedLink": "https://cdn.htmlgames.com/RedAndGreen/index.html?npa=1",
    "category": "Action"
  },
  {
    "image": "https://www.htmlgames.com/uploaded/game/thumb/soldierattack3-300.jpg",
    "link": "https://www.htmlgames.com/game/Soldier+Attack+3",
    "name": "Soldier Attack 3",
    "embedLink": "https://cdn.htmlgames.com/SoldierAttack3/index.html?npa=1",
    "category": "Action"
  },
  {
    "image": "https://www.htmlgames.com/uploaded/game/thumb/acidrain300200.jpg",
    "link": "https://www.htmlgames.com/game/Acid+Rain",
    "name": "Acid Rain",
    "embedLink": "https://cdn.htmlgames.com/AcidRain/index.html?npa=1",
    "category": "Action"
  },
  {
    "image": "https://www.htmlgames.com/uploaded/game/thumb/tennis300200.jpg",
    "link": "https://www.htmlgames.com/game/Tennis",
    "name": "Tennis",
    "embedLink": "https://cdn.htmlgames.com/Tennis/index.html?npa=1",
    "category": "Action"
  },
  {
    "image": "https://www.htmlgames.com/uploaded/game/thumb/soldierattack1300200.jpg",
    "link": "https://www.htmlgames.com/game/Soldier+Attack+1",
    "name": "Soldier Attack 1",
    "embedLink": "https://cdn.htmlgames.com/SoldierAttack1/index.html?npa=1",
    "category": "Action"
  },
  {
    "image": "https://www.htmlgames.com/uploaded/game/thumb/aliceInwonderland300200.jpg",
    "link": "https://www.htmlgames.com/game/Alice+in+Wonderland",
    "name": "Alice in Wonderland",
    "embedLink": "https://cdn.htmlgames.com/AliceInWonderland/index.html?npa=1",
    "category": "Action"
  },
  {
    "image": "https://www.htmlgames.com/uploaded/game/thumb/basketballlegend300200.jpg",
    "link": "https://www.htmlgames.com/game/Basketball+Legend",
    "name": "Basketball Legend",
    "embedLink": "https://cdn.htmlgames.com/BasketballLegend/index.html?npa=1",
    "category": "Action"
  },
  {
    "image": "https://www.htmlgames.com/uploaded/game/thumb/bowling300.jpg",
    "link": "https://www.htmlgames.com/game/Bowling",
    "name": "Bowling",
    "embedLink": "https://cdn.htmlgames.com/Bowling/index.html?npa=1",
    "category": "Action"
  },
  {
    "image": "https://www.htmlgames.com/uploaded/game/thumb/flappycolors300200.jpg",
    "link": "https://www.htmlgames.com/game/Flappy+Colors",
    "name": "Flappy Colors",
    "embedLink": "https://cdn.htmlgames.com/FlappyColors/index.html?npa=1",
    "category": "Action"
  },
  {
    "image": "https://www.htmlgames.com/uploaded/game/thumb/mayagolf2300200.jpg",
    "link": "https://www.htmlgames.com/game/Maya+Golf+2",
    "name": "Maya Golf 2",
    "embedLink": "https://cdn.htmlgames.com/MayaGolf2/index.html?npa=1",
    "category": "Action"
  },
  {
    "image": "https://www.htmlgames.com/uploaded/game/thumb/mayagolf300.jpg",
    "link": "https://www.htmlgames.com/game/Maya+Golf",
    "name": "Maya Golf",
    "embedLink": "https://cdn.htmlgames.com/MayaGolf/index.html?npa=1",
    "category": "Action"
  },
  {
    "image": "https://www.htmlgames.com/uploaded/game/thumb/giantslalom300200.jpg",
    "link": "https://www.htmlgames.com/game/Giant+Slalom",
    "name": "Giant Slalom",
    "embedLink": "https://cdn.htmlgames.com/GiantSlalom/index.html?npa=1",
    "category": "Action"
  },
  {
    "image": "https://www.htmlgames.com/uploaded/game/thumb/neonjump300.jpg",
    "link": "https://www.htmlgames.com/game/Neon+Jump",
    "name": "Neon Jump",
    "embedLink": "https://cdn.htmlgames.com/NeonJump/index.html?npa=1",
    "category": "Action"
  },
  {
    "image": "https://www.htmlgames.com/uploaded/game/thumb/catchthethief300200.jpg",
    "link": "https://www.htmlgames.com/game/Catch+the+Thief",
    "name": "Catch the Thief",
    "embedLink": "https://cdn.htmlgames.com/CatchTheThief/index.html?npa=1",
    "category": "Action"
  },
  {
    "image": "https://www.htmlgames.com/uploaded/game/thumb/neondots300.jpg",
    "link": "https://www.htmlgames.com/game/Neon+Dots",
    "name": "Neon Dots",
    "embedLink": "https://cdn.htmlgames.com/NeonDots/index.html?npa=1",
    "category": "Action"
  },
  {
    "image": "https://www.htmlgames.com/uploaded/game/thumb/airhockey300.jpg",
    "link": "https://www.htmlgames.com/game/Air+Hockey",
    "name": "Air Hockey",
    "embedLink": "https://cdn.htmlgames.com/AirHockey/index.html?npa=1",
    "category": "Action"
  },
  {
    "image": "https://www.htmlgames.com/uploaded/game/thumb/dragonrun300x200.jpg",
    "link": "https://www.htmlgames.com/game/Dragon+Run",
    "name": "Dragon Run",
    "embedLink": "https://cdn.htmlgames.com/DragonRun/index.html?npa=1",
    "category": "Action"
  },
  {
    "image": "https://www.htmlgames.com/uploaded/game/thumb/ninjadarts300200.jpg",
    "link": "https://www.htmlgames.com/game/Ninja+Darts",
    "name": "Ninja Darts",
    "embedLink": "https://cdn.htmlgames.com/NinjaDarts/index.html?npa=1",
    "category": "Action"
  },
  {
    "image": "https://www.htmlgames.com/uploaded/game/thumb/circusshooter300200.jpg",
    "link": "https://www.htmlgames.com/game/Circus+Shooter",
    "name": "Circus Shooter",
    "embedLink": "https://cdn.htmlgames.com/CircusShooter/index.html?npa=1",
    "category": "Action"
  },
  {
    "image": "https://www.htmlgames.com/uploaded/game/thumb/stayinthedark300200.jpg",
    "link": "https://www.htmlgames.com/game/Stay+in+the+Dark",
    "name": "Stay in the Dark",
    "embedLink": "https://cdn.htmlgames.com/StayInTheDark/index.html?npa=1",
    "category": "Action"
  },
  {
    "image": "https://www.htmlgames.com/uploaded/game/thumb/bravebird300200.jpg",
    "link": "https://www.htmlgames.com/game/Brave+Bird",
    "name": "Brave Bird",
    "embedLink": "https://cdn.htmlgames.com/BraveBird/index.html?npa=1",
    "category": "Action"
  },
  {
    "image": "https://www.htmlgames.com/uploaded/game/thumb/trafficracer300200.jpg",
    "link": "https://www.htmlgames.com/game/Traffic+Racer",
    "name": "Traffic Racer",
    "embedLink": "https://cdn.htmlgames.com/TrafficRacer/index.html?npa=1",
    "category": "Action"
  },
  {
    "image": "https://www.htmlgames.com/uploaded/game/thumb/aroundtheworlddarts300.jpg",
    "link": "https://www.htmlgames.com/game/Around+the+world+Darts",
    "name": "Around the world Darts",
    "embedLink": "https://cdn.htmlgames.com/AroundTheWorldDarts/index.html?npa=1",
    "category": "Action"
  },
  {
    "image": "https://www.htmlgames.com/uploaded/game/thumb/winterattack300200.jpg",
    "link": "https://www.htmlgames.com/game/Winter+Attack",
    "name": "Winter Attack",
    "embedLink": "https://cdn.htmlgames.com/WinterAttack/index.html?npa=1",
    "category": "Action"
  },
  {
    "image": "https://www.htmlgames.com/uploaded/game/thumb/rockettap300.jpg",
    "link": "https://www.htmlgames.com/game/Rocket+Tap",
    "name": "Rocket Tap",
    "embedLink": "https://cdn.htmlgames.com/RocketTap/index.html?npa=1",
    "category": "Action"
  },
  {
    "image": "https://www.htmlgames.com/uploaded/game/thumb/smileydrop300.jpg",
    "link": "https://www.htmlgames.com/game/Smiley+Drop",
    "name": "Smiley Drop",
    "embedLink": "https://cdn.htmlgames.com/SmileyDrop/index.html?npa=1",
    "category": "Action"
  },
  {
    "image": "https://www.htmlgames.com/uploaded/game/thumb/bounceball300200.jpg",
    "link": "https://www.htmlgames.com/game/Bounce+Ball",
    "name": "Bounce Ball",
    "embedLink": "https://cdn.htmlgames.com/BounceBall/index.html?npa=1",
    "category": "Action"
  },
  {
    "image": "https://www.htmlgames.com/uploaded/game/thumb/tablesoccer300200.jpg",
    "link": "https://www.htmlgames.com/game/Table+Soccer",
    "name": "Table Soccer",
    "embedLink": "https://cdn.htmlgames.com/TableSoccer/index.html?npa=1",
    "category": "Action"
  },
  {
    "image": "https://www.htmlgames.com/uploaded/game/thumb/baseball300.jpg",
    "link": "https://www.htmlgames.com/game/Baseball",
    "name": "Baseball",
    "embedLink": "https://cdn.htmlgames.com/Baseball/index.html?npa=1",
    "category": "Action"
  },
  {
    "image": "https://www.htmlgames.com/uploaded/game/thumb/bigparking300.jpg",
    "link": "https://www.htmlgames.com/game/Big+Parking",
    "name": "Big Parking",
    "embedLink": "https://cdn.htmlgames.com/BigParking/index.html?npa=1",
    "category": "Action"
  },
  {
    "image": "https://www.htmlgames.com/uploaded/game/thumb/spaceescape300200.jpg",
    "link": "https://www.htmlgames.com/game/Space+Escape",
    "name": "Space Escape",
    "embedLink": "https://cdn.htmlgames.com/SpaceEscape/index.html?npa=1",
    "category": "Action"
  },
  {
    "image": "https://www.htmlgames.com/uploaded/game/thumb/jumpingminer300200.jpg",
    "link": "https://www.htmlgames.com/game/Jumping+Miner",
    "name": "Jumping Miner",
    "embedLink": "https://cdn.htmlgames.com/JumpingMiner/index.html?npa=1",
    "category": "Action"
  },
  {
    "image": "https://www.htmlgames.com/uploaded/game/thumb/downhillski300200.jpg",
    "link": "https://www.htmlgames.com/game/Downhill+Ski",
    "name": "Downhill Ski",
    "embedLink": "https://cdn.htmlgames.com/DownhillSki/index.html?npa=1",
    "category": "Action"
  },
  {
    "image": "https://www.htmlgames.com/uploaded/game/thumb/swordhit300200.jpg",
    "link": "https://www.htmlgames.com/game/Sword+Hit",
    "name": "Sword Hit",
    "embedLink": "https://cdn.htmlgames.com/SwordHit/index.html?npa=1",
    "category": "Action"
  },
  {
    "image": "https://www.htmlgames.com/uploaded/game/thumb/monkeyintrouble2300.jpg",
    "link": "https://www.htmlgames.com/game/Monkey+in+Trouble+2",
    "name": "Monkey in Trouble 2",
    "embedLink": "https://cdn.htmlgames.com/MonkeyInTrouble2/index.html?npa=1",
    "category": "Action"
  },
  {
    "image": "https://www.htmlgames.com/uploaded/game/thumb/spacetrip300200.jpg",
    "link": "https://www.htmlgames.com/game/Space+Trip",
    "name": "Space Trip",
    "embedLink": "https://cdn.htmlgames.com/SpaceTrip/index.html?npa=1",
    "category": "Action"
  },
  {
    "image": "https://www.htmlgames.com/uploaded/game/thumb/minigolf300.jpg",
    "link": "https://www.htmlgames.com/game/Mini+Golf",
    "name": "Mini Golf",
    "embedLink": "https://cdn.htmlgames.com/MiniGolf/index.html?npa=1",
    "category": "Action"
  },
  {
    "image": "https://www.htmlgames.com/uploaded/game/thumb/rainforestjump300200.jpg",
    "link": "https://www.htmlgames.com/game/Rainforest+Jump",
    "name": "Rainforest Jump",
    "embedLink": "https://cdn.htmlgames.com/RainforestJump/index.html?npa=1",
    "category": "Action"
  },
  {
    "image": "https://www.htmlgames.com/uploaded/game/thumb/neonswitch300200.jpg",
    "link": "https://www.htmlgames.com/game/Neon+Switch",
    "name": "Neon Switch",
    "embedLink": "https://cdn.htmlgames.com/NeonSwitch/index.html?npa=1",
    "category": "Action"
  },
  {
    "image": "https://www.htmlgames.com/uploaded/game/thumb/saloonshootout300.jpg",
    "link": "https://www.htmlgames.com/game/Saloon+Shootout",
    "name": "Saloon Shootout",
    "embedLink": "https://cdn.htmlgames.com/SaloonShootout/index.html?npa=1",
    "category": "Action"
  },
  {
    "image": "https://www.htmlgames.com/uploaded/game/thumb/avoider300200.jpg",
    "link": "https://www.htmlgames.com/game/Avoider",
    "name": "Avoider",
    "embedLink": "https://cdn.htmlgames.com/Avoider/index.html?npa=1",
    "category": "Action"
  },
  {
    "image": "https://www.htmlgames.com/uploaded/game/thumb/summerbeach300.jpg",
    "link": "https://www.htmlgames.com/game/Summer+Beach",
    "name": "Summer Beach",
    "embedLink": "https://cdn.htmlgames.com/SummerBeach/index.html?npa=1",
    "category": "Action"
  },
  {
    "image": "https://www.htmlgames.com/uploaded/game/thumb/frogjump300200.jpg",
    "link": "https://www.htmlgames.com/game/Frog+Jump",
    "name": "Frog Jump",
    "embedLink": "https://cdn.htmlgames.com/FrogJump/index.html?npa=1",
    "category": "Action"
  },
  {
    "image": "https://www.htmlgames.com/uploaded/game/thumb/glowcatch300200.jpg",
    "link": "https://www.htmlgames.com/game/Glow+Catch",
    "name": "Glow Catch",
    "embedLink": "https://cdn.htmlgames.com/GlowCatch/index.html?npa=1",
    "category": "Action"
  },
  {
    "image": "https://www.htmlgames.com/uploaded/game/thumb/unlockthelock300200.jpg",
    "link": "https://www.htmlgames.com/game/Unlock+The+Lock",
    "name": "Unlock The Lock",
    "embedLink": "https://cdn.htmlgames.com/UnlockTheLock/index.html?npa=1",
    "category": "Action"
  },
  {
    "image": "https://www.htmlgames.com/uploaded/game/thumb/tableShuffleboard300200.jpg",
    "link": "https://www.htmlgames.com/game/Table+Shuffleboard",
    "name": "Table Shuffleboard",
    "embedLink": "https://cdn.htmlgames.com/TableShuffleboard/index.html?npa=1",
    "category": "Action"
  }
]