[
  {
    "image": "https://www.htmlgames.com/uploaded/game/thumb/upsidedown300200.jpg",
    "link": "https://www.htmlgames.com/game/Upside+Down",
    "name": "Upside Down",
    "embedLink": "https://cdn.htmlgames.com/UpsideDown/index.html?npa=1",
    "category": "Classic"
  },
  {
    "image": "https://www.htmlgames.com/uploaded/game/thumb/endlessbreakout300200.jpg",
    "link": "https://www.htmlgames.com/game/Endless+Break+Out",
    "name": "Endless Break Out",
    "embedLink": "https://cdn.htmlgames.com/EndlessBreakOut/index.html?npa=1",
    "category": "Classic"
  },
  {
    "image": "https://www.htmlgames.com/uploaded/game/thumb/cookiemonster300.jpg",
    "link": "https://www.htmlgames.com/game/Cookie+Monster",
    "name": "Cookie Monster",
    "embedLink": "https://cdn.htmlgames.com/CookieMonster/index.html?npa=1",
    "category": "Classic"
  },
  {
    "image": "https://www.htmlgames.com/uploaded/game/thumb/tetrisslide300200.jpg",
    "link": "https://www.htmlgames.com/game/Tetris+Slide",
    "name": "Tetris Slide",
    "embedLink": "https://cdn.htmlgames.com/TetrisSlide/index.html?npa=1",
    "category": "Classic"
  },
  {
    "image": "https://www.htmlgames.com/uploaded/game/thumb/outerspacearkanoic300200.jpg",
    "link": "https://www.htmlgames.com/game/Outer+Space+Arkanoid",
    "name": "Outer Space Arkanoid",
    "embedLink": "https://cdn.htmlgames.com/OuterSpaceArkanoid/index.html?npa=1",
    "category": "Classic"
  },
  {
    "image": "https://www.htmlgames.com/uploaded/game/thumb/goldminer300200.jpg",
    "link": "https://www.htmlgames.com/game/Gold+Miner",
    "name": "Gold Miner",
    "embedLink": "https://cdn.htmlgames.com/GoldMiner/index.html?npa=1",
    "category": "Classic"
  },
  {
    "image": "https://www.htmlgames.com/uploaded/game/thumb/robotcrossroad300200.jpg",
    "link": "https://www.htmlgames.com/game/Robot+Cross+Road",
    "name": "Robot Cross Road",
    "embedLink": "https://cdn.htmlgames.com/RobotCrossRoad/index.html?npa=1",
    "category": "Classic"
  },
  {
    "image": "https://www.htmlgames.com/uploaded/game/thumb/minesweeper300x200.jpg",
    "link": "https://www.htmlgames.com/game/MineSweeper",
    "name": "MineSweeper",
    "embedLink": "https://cdn.htmlgames.com/Minesweeper/index.html?npa=1",
    "category": "Classic"
  },
  {
    "image": "https://www.htmlgames.com/uploaded/game/thumb/frogjumper300200.jpg",
    "link": "https://www.htmlgames.com/game/Frog+Jumper",
    "name": "Frog Jumper",
    "embedLink": "https://cdn.htmlgames.com/FrogJumper/index.html?npa=1",
    "category": "Classic"
  },
  {
    "image": "https://www.htmlgames.com/uploaded/game/thumb/discpool300.jpg",
    "link": "https://www.htmlgames.com/game/Disc+Pool+2+Player",
    "name": "Disc Pool 2 Player",
    "embedLink": "https://cdn.htmlgames.com/DiscPool2Player/index.html?npa=1",
    "category": "Classic"
  },
  {
    "image": "https://www.htmlgames.com/uploaded/game/thumb/extremevexed300.jpg",
    "link": "https://www.htmlgames.com/game/Extreme+Vexed",
    "name": "Extreme Vexed",
    "embedLink": "https://cdn.htmlgames.com/ExtremeVexed/index.html?npa=1",
    "category": "Classic"
  },
  {
    "image": "https://www.htmlgames.com/uploaded/game/thumb/reversi300.jpg",
    "link": "https://www.htmlgames.com/game/Reversi",
    "name": "Reversi",
    "embedLink": "https://cdn.htmlgames.com/Reversi/index.html?npa=1",
    "category": "Classic"
  },
  {
    "image": "https://www.htmlgames.com/uploaded/game/thumb/spaceshiplanding300200.jpg",
    "link": "https://www.htmlgames.com/game/Spaceship+Landing",
    "name": "Spaceship Landing",
    "embedLink": "https://cdn.htmlgames.com/SpaceshipLanding/index.html?npa=1",
    "category": "Classic"
  },
  {
    "image": "https://www.htmlgames.com/uploaded/game/thumb/alieninvaders2300200.jpg",
    "link": "https://www.htmlgames.com/game/Alien+Invaders+2",
    "name": "Alien Invaders 2",
    "embedLink": "https://cdn.htmlgames.com/AlienInvaders2/index.html?npa=1",
    "category": "Classic"
  },
  {
    "image": "https://www.htmlgames.com/uploaded/game/thumb/alieninvaders300200.jpg",
    "link": "https://www.htmlgames.com/game/Alien+Invaders",
    "name": "Alien Invaders",
    "embedLink": "https://cdn.htmlgames.com/AlienInvaders/index.html?npa=1",
    "category": "Classic"
  },
  {
    "image": "https://www.htmlgames.com/uploaded/game/thumb/bubbletrouble300200.jpg",
    "link": "https://www.htmlgames.com/game/Bubble+Trouble",
    "name": "Bubble Trouble",
    "embedLink": "https://cdn.htmlgames.com/BubbleTrouble/index.html?npa=1",
    "category": "Classic"
  },
  {
    "image": "https://www.htmlgames.com/uploaded/game/thumb/battleships300.jpg",
    "link": "https://www.htmlgames.com/game/Battleships",
    "name": "Battleships",
    "embedLink": "https://cdn.htmlgames.com/Battleships/index.html?npa=1",
    "category": "Classic"
  },
  {
    "image": "https://www.htmlgames.com/uploaded/game/thumb/tetrisfun300200.jpg",
    "link": "https://www.htmlgames.com/game/Tetris+Fun",
    "name": "Tetris Fun",
    "embedLink": "https://cdn.htmlgames.com/TetrisFun/index.html?npa=1",
    "category": "Classic"
  },
  {
    "image": "https://www.htmlgames.com/uploaded/game/thumb/trickball300200.jpg",
    "link": "https://www.htmlgames.com/game/Trick+Ball",
    "name": "Trick Ball",
    "embedLink": "https://cdn.htmlgames.com/TrickBall/index.html?npa=1",
    "category": "Classic"
  },
  {
    "image": "https://www.htmlgames.com/uploaded/game/thumb/mstapman300.jpg",
    "link": "https://www.htmlgames.com/game/Ms+Tapman",
    "name": "Ms Tapman",
    "embedLink": "https://cdn.htmlgames.com/MsTapman/index.html?npa=1",
    "category": "Classic"
  },
  {
    "image": "https://www.htmlgames.com/uploaded/game/thumb/snowman300.jpg",
    "link": "https://www.htmlgames.com/game/SnowMan",
    "name": "SnowMan",
    "embedLink": "https://cdn.htmlgames.com/SnowMan/index.html?npa=1",
    "category": "Classic"
  },
  {
    "image": "https://www.htmlgames.com/uploaded/game/thumb/blockmonsters1010300200.jpg",
    "link": "https://www.htmlgames.com/game/Block+Monsters+1010",
    "name": "Block Monsters 1010",
    "embedLink": "https://cdn.htmlgames.com/BlockMonsters1010/index.html?npa=1",
    "category": "Classic"
  },
  {
    "image": "https://www.htmlgames.com/uploaded/game/thumb/greedyworm300.jpg",
    "link": "https://www.htmlgames.com/game/Greedy+Worm",
    "name": "Greedy Worm",
    "embedLink": "https://cdn.htmlgames.com/GreedyWorm/index.html?npa=1",
    "category": "Classic"
  },
  {
    "image": "https://www.htmlgames.com/uploaded/game/thumb/neonnibblet300.jpg",
    "link": "https://www.htmlgames.com/game/Neon+Nibblet",
    "name": "Neon Nibblet",
    "embedLink": "https://cdn.htmlgames.com/NeonNibblet/index.html?npa=1",
    "category": "Classic"
  },
  {
    "image": "https://www.htmlgames.com/uploaded/game/thumb/xiangqi300200.jpg",
    "link": "https://www.htmlgames.com/game/Xiangqi",
    "name": "Xiangqi",
    "embedLink": "https://cdn.htmlgames.com/Xiangqi/index.html?npa=1",
    "category": "Classic"
  },
  {
    "image": "https://www.htmlgames.com/uploaded/game/thumb/tetrisslider300200.jpg",
    "link": "https://www.htmlgames.com/game/Tetris+Slider",
    "name": "Tetris Slider",
    "embedLink": "https://cdn.htmlgames.com/TetrisSlider/index.html?npa=1",
    "category": "Classic"
  },
  {
    "image": "https://www.htmlgames.com/uploaded/game/thumb/droptris300200.jpg",
    "link": "https://www.htmlgames.com/game/DropTris",
    "name": "DropTris",
    "embedLink": "https://cdn.htmlgames.com/DropTris/index.html?npa=1",
    "category": "Classic"
  },
  {
    "image": "https://www.htmlgames.com/uploaded/game/thumb/bubbleball300200.jpg",
    "link": "https://www.htmlgames.com/game/Bubble+Ball",
    "name": "Bubble Ball",
    "embedLink": "https://cdn.htmlgames.com/BubbleBall/index.html?npa=1",
    "category": "Classic"
  },
  {
    "image": "https://www.htmlgames.com/uploaded/game/thumb/carrompool300200.jpg",
    "link": "https://www.htmlgames.com/game/Carrom+Pool",
    "name": "Carrom Pool",
    "embedLink": "https://cdn.htmlgames.com/CarromPool/index.html?npa=1",
    "category": "Classic"
  },
  {
    "image": "https://www.htmlgames.com/uploaded/game/thumb/allfivesdomino300200.jpg",
    "link": "https://www.htmlgames.com/game/All+Fives+Domino",
    "name": "All Fives Domino",
    "embedLink": "https://cdn.htmlgames.com/AllFivesDomino/index.html?npa=npa",
    "category": "Classic"
  },
  {
    "image": "https://www.htmlgames.com/uploaded/game/thumb/bricktetris300200.jpg",
    "link": "https://www.htmlgames.com/game/Break+Tris",
    "name": "Break Tris",
    "embedLink": "https://cdn.htmlgames.com/BreakTris/index.html?npa=1",
    "category": "Classic"
  },
  {
    "image": "https://www.htmlgames.com/uploaded/game/thumb/classicpac300200.jpg",
    "link": "https://www.htmlgames.com/game/Classic+Pac",
    "name": "Classic Pac",
    "embedLink": "https://cdn.htmlgames.com/ClassicPac/index.html?npa=1",
    "category": "Classic"
  },
  {
    "image": "https://www.htmlgames.com/uploaded/game/thumb/classicdomino300200.jpg",
    "link": "https://www.htmlgames.com/game/Classic+Domino",
    "name": "Classic Domino",
    "embedLink": "https://cdn.htmlgames.com/ClassicDomino/index.html?npa=1",
    "category": "Classic"
  },
  {
    "image": "https://www.htmlgames.com/uploaded/game/thumb/gomoku300.jpg",
    "link": "https://www.htmlgames.com/game/Gomoku",
    "name": "Gomoku",
    "embedLink": "https://cdn.htmlgames.com/Gomoku/index.html?npa=1",
    "category": "Classic"
  },
  {
    "image": "https://www.htmlgames.com/uploaded/game/thumb/dotsandboxes300.jpg",
    "link": "https://www.htmlgames.com/game/Dots+and+Boxes",
    "name": "Dots and Boxes",
    "embedLink": "https://cdn.htmlgames.com/DotsAndBoxes/index.html?npa=1",
    "category": "Classic"
  },
  {
    "image": "https://www.htmlgames.com/uploaded/game/thumb/classicfrog300200.jpg",
    "link": "https://www.htmlgames.com/game/Classic+Frog",
    "name": "Classic Frog",
    "embedLink": "https://cdn.htmlgames.com/ClassicFrog/index.html?npa=1",
    "category": "Classic"
  },
  {
    "image": "https://www.htmlgames.com/uploaded/game/thumb/digdig300200.jpg",
    "link": "https://www.htmlgames.com/game/Dig+Dig",
    "name": "Dig Dig",
    "embedLink": "https://cdn.htmlgames.com/DigDig/index.html?npa=1",
    "category": "Classic"
  },
  {
    "image": "https://www.htmlgames.com/uploaded/game/thumb/tetrisdimensions300200.jpg",
    "link": "https://www.htmlgames.com/game/Tetris+Dimensions",
    "name": "Tetris Dimensions",
    "embedLink": "https://cdn.htmlgames.com/TetrisDimensions/index.html?npa=1",
    "category": "Classic"
  },
  {
    "image": "https://www.htmlgames.com/uploaded/game/thumb/neonbilliards300200.jpg",
    "link": "https://www.htmlgames.com/game/Neon+Billiards",
    "name": "Neon Billiards",
    "embedLink": "https://cdn.htmlgames.com/NeonBilliards/",
    "category": "Classic"
  },
  {
    "image": "https://www.htmlgames.com/uploaded/game/thumb/tetroclassic300200.jpg",
    "link": "https://www.htmlgames.com/game/Tetro+Classic",
    "name": "Tetro Classic",
    "embedLink": "https://cdn.htmlgames.com/TetroClassic/index.html?npa=1",
    "category": "Classic"
  },
  {
    "image": "https://www.htmlgames.com/uploaded/game/thumb/sokoban300.jpg",
    "link": "https://www.htmlgames.com/game/Sokoban",
    "name": "Sokoban",
    "embedLink": "https://cdn.htmlgames.com/Sokoban/index.html?npa=1",
    "category": "Classic"
  },
  {
    "image": "https://www.htmlgames.com/uploaded/game/thumb/connect4300.jpg",
    "link": "https://www.htmlgames.com/game/Connect+Four",
    "name": "Connect Four",
    "embedLink": "https://cdn.htmlgames.com/ConnectFour/index.html?npa=1",
    "category": "Classic"
  },
  {
    "image": "https://www.htmlgames.com/uploaded/game/thumb/vintagevexed300.jpg",
    "link": "https://www.htmlgames.com/game/Vintage+Vexed",
    "name": "Vintage Vexed",
    "embedLink": "https://cdn.htmlgames.com/VintageVexed/index.html?npa=1",
    "category": "Classic"
  },
  {
    "image": "https://www.htmlgames.com/uploaded/game/thumb/towertown300200.jpg",
    "link": "https://www.htmlgames.com/game/Tower+Town",
    "name": "Tower Town",
    "embedLink": "https://cdn.htmlgames.com/TowerTown/index.html?npa=1",
    "category": "Classic"
  },
  {
    "image": "https://www.htmlgames.com/uploaded/game/thumb/retrobricks300200.jpg",
    "link": "https://www.htmlgames.com/game/Retro+Bricks",
    "name": "Retro Bricks",
    "embedLink": "https://cdn.htmlgames.com/RetroBricks/?npa=1",
    "category": "Classic"
  },
  {
    "image": "https://www.htmlgames.com/uploaded/game/thumb/tapman300.jpg",
    "link": "https://www.htmlgames.com/game/Tapman",
    "name": "Tapman",
    "embedLink": "https://cdn.htmlgames.com/Tapman/index.html?npa=1",
    "category": "Classic"
  },
  {
    "image": "https://www.htmlgames.com/uploaded/game/thumb/crackthecode300.jpg",
    "link": "https://www.htmlgames.com/game/Crack+the+code",
    "name": "Crack the code",
    "embedLink": "https://cdn.htmlgames.com/CrackTheCode/index.html?npa=1",
    "category": "Classic"
  },
  {
    "image": "https://www.htmlgames.com/uploaded/game/thumb/coloringforkids300.jpg",
    "link": "https://www.htmlgames.com/game/Coloring+for+Kids",
    "name": "Coloring for Kids",
    "embedLink": "https://cdn.htmlgames.com/ColoringForKids/index.html?npa=1",
    "category": "Classic"
  },
  {
    "image": "https://www.htmlgames.com/uploaded/game/thumb/snowballs300200.jpg",
    "link": "https://www.htmlgames.com/game/Snow+Balls",
    "name": "Snow Balls",
    "embedLink": "https://cdn.htmlgames.com/SnowBalls/index.html?npa=1",
    "category": "Classic"
  },
  {
    "image": "https://www.htmlgames.com/uploaded/game/thumb/classicsnake300200.jpg",
    "link": "https://www.htmlgames.com/game/Classic+Snake",
    "name": "Classic Snake",
    "embedLink": "https://cdn.htmlgames.com/ClassicSnake/index.html?npa=1",
    "category": "Classic"
  },
  {
    "image": "https://www.htmlgames.com/uploaded/game/thumb/go300x200.jpg",
    "link": "https://www.htmlgames.com/game/Go",
    "name": "Go",
    "embedLink": "https://cdn.htmlgames.com/Go/index.html?npa=1",
    "category": "Classic"
  },
  {
    "image": "https://www.htmlgames.com/uploaded/game/thumb/5dice300.jpg",
    "link": "https://www.htmlgames.com/game/5Dice",
    "name": "5Dice",
    "embedLink": "https://cdn.htmlgames.com/5Dice/index.html?npa=1",
    "category": "Classic"
  },
  {
    "image": "https://www.htmlgames.com/uploaded/game/thumb/blockmonsters1010extreme300200.jpg",
    "link": "https://www.htmlgames.com/game/Block+Monsters+1010+Extreme",
    "name": "Block Monsters 1010 Extreme",
    "embedLink": "https://cdn.htmlgames.com/BlockMonsters1010Extreme/index.html?npa=1",
    "category": "Classic"
  },
  {
    "image": "https://www.htmlgames.com/uploaded/game/thumb/chess-300x200.jpg",
    "link": "https://www.htmlgames.com/game/Chess",
    "name": "Chess",
    "embedLink": "https://cdn.htmlgames.com/Chess/index.html?npa=1",
    "category": "Classic"
  },
  {
    "image": "https://www.htmlgames.com/uploaded/game/thumb/brickbuilding300200.jpg",
    "link": "https://www.htmlgames.com/game/Brick+Building",
    "name": "Brick Building",
    "embedLink": "https://cdn.htmlgames.com/BrickBuilding/index.html?npa=1",
    "category": "Classic"
  },
  {
    "image": "https://www.htmlgames.com/uploaded/game/thumb/pinball300.jpg",
    "link": "https://www.htmlgames.com/game/Pinball",
    "name": "Pinball",
    "embedLink": "https://cdn.htmlgames.com/Pinball/index.html?npa=1",
    "category": "Classic"
  },
  {
    "image": "https://www.htmlgames.com/uploaded/game/thumb/space300200.jpg",
    "link": "https://www.htmlgames.com/game/Space",
    "name": "Space",
    "embedLink": "https://cdn.htmlgames.com/Space/index.html?npa=1",
    "category": "Classic"
  },
  {
    "image": "https://www.htmlgames.com/uploaded/game/thumb/neonball300200.jpg",
    "link": "https://www.htmlgames.com/game/Neon+Ball",
    "name": "Neon Ball",
    "embedLink": "https://cdn.htmlgames.com/NeonBall/index.html?npa=1",
    "category": "Classic"
  },
  {
    "image": "https://www.htmlgames.com/uploaded/game/thumb/bingo300200.jpg",
    "link": "https://www.htmlgames.com/game/Bingo",
    "name": "Bingo",
    "embedLink": "https://cdn.htmlgames.com/Bingo/index.html?npa=1",
    "category": "Classic"
  },
  {
    "image": "https://www.htmlgames.com/uploaded/game/thumb/neonarkanoid300200.jpg",
    "link": "https://www.htmlgames.com/game/Neon+Arkanoid",
    "name": "Neon Arkanoid",
    "embedLink": "https://cdn.htmlgames.com/NeonArkanoid/",
    "category": "Classic"
  },
  {
    "image": "https://www.htmlgames.com/uploaded/game/thumb/poolbilliard300.jpg",
    "link": "https://www.htmlgames.com/game/Pool+Billiard",
    "name": "Pool Billiard",
    "embedLink": "https://cdn.htmlgames.com/PoolBilliard/index.html?npa=1",
    "category": "Classic"
  },
  {
    "image": "https://www.htmlgames.com/uploaded/game/thumb/ninemenmorris-300x200.jpg",
    "link": "https://www.htmlgames.com/game/Nine+Men%27s+Morris",
    "name": "Nine Men's Morris",
    "embedLink": "https://cdn.htmlgames.com/NineMensMorris/index.html?npa=1",
    "category": "Classic"
  },
  {
    "image": "https://www.htmlgames.com/uploaded/game/thumb/halma300.jpg",
    "link": "https://www.htmlgames.com/game/Halma",
    "name": "Halma",
    "embedLink": "https://cdn.htmlgames.com/Halma/index.html?npa=1",
    "category": "Classic"
  },
  {
    "image": "https://www.htmlgames.com/uploaded/game/thumb/pente300.jpg",
    "link": "https://www.htmlgames.com/game/Pente",
    "name": "Pente",
    "embedLink": "https://cdn.htmlgames.com/Pente/index.html?npa=1",
    "category": "Classic"
  },
  {
    "image": "https://www.htmlgames.com/uploaded/game/thumb/neonpinball300.jpg",
    "link": "https://www.htmlgames.com/game/Neon+Pinball",
    "name": "Neon Pinball",
    "embedLink": "https://cdn.htmlgames.com/NeonPinball/index.html?npa=1",
    "category": "Classic"
  },
  {
    "image": "https://www.htmlgames.com/uploaded/game/thumb/neontris300-2.jpg",
    "link": "https://www.htmlgames.com/game/NeonTris",
    "name": "NeonTris",
    "embedLink": "https://cdn.htmlgames.com/NeonTris/index.html?npa=1",
    "category": "Classic"
  },
  {
    "image": "https://www.htmlgames.com/uploaded/game/thumb/backgammon300.jpg",
    "link": "https://www.htmlgames.com/game/Backgammon",
    "name": "Backgammon",
    "embedLink": "https://cdn.htmlgames.com/Backgammon/index.html?npa=1",
    "category": "Classic"
  },
  {
    "image": "https://www.htmlgames.com/uploaded/game/thumb/discpool1player300.jpg",
    "link": "https://www.htmlgames.com/game/Disc+Pool+1+Player",
    "name": "Disc Pool 1 Player",
    "embedLink": "https://cdn.htmlgames.com/DiscPool1Player/index.html?npa=1",
    "category": "Classic"
  },
  {
    "image": "https://www.htmlgames.com/uploaded/game/thumb/checkers300.jpg",
    "link": "https://www.htmlgames.com/game/Checkers",
    "name": "Checkers",
    "embedLink": "https://cdn.htmlgames.com/Checkers/index.html?npa=1",
    "category": "Classic"
  },
  {
    "image": "https://www.htmlgames.com/uploaded/game/thumb/trumpsweeper300.jpg",
    "link": "https://www.htmlgames.com/game/Trump+Sweeper",
    "name": "Trump Sweeper",
    "embedLink": "https://cdn.htmlgames.com/TrumpSweeper/index.html?npa=1",
    "category": "Classic"
  },
  {
    "image": "https://www.htmlgames.com/uploaded/game/thumb/image-300x200.jpg",
    "link": "https://www.htmlgames.com/game/Draughts",
    "name": "Draughts",
    "embedLink": "https://cdn.htmlgames.com/Draughts/index.html?npa=1",
    "category": "Classic"
  },
  {
    "image": "https://www.htmlgames.com/uploaded/game/thumb/aliceIntetrisland300200.jpg",
    "link": "https://www.htmlgames.com/game/Alice+in+Tetrisland",
    "name": "Alice in Tetrisland",
    "embedLink": "https://cdn.htmlgames.com/AliceInTetrisland/index.html?npa=1",
    "category": "Classic"
  },
  {
    "image": "https://www.htmlgames.com/uploaded/game/thumb/spacetris300200.jpg",
    "link": "https://www.htmlgames.com/game/SpaceTris",
    "name": "SpaceTris",
    "embedLink": "https://cdn.htmlgames.com/Spacetris/index.html?npa=1",
    "category": "Classic"
  },
  {
    "image": "https://www.htmlgames.com/uploaded/game/thumb/ludo300200.jpg",
    "link": "https://www.htmlgames.com/game/Ludo",
    "name": "Ludo",
    "embedLink": "https://cdn.htmlgames.com/Ludo/index.html?npa=1",
    "category": "Classic"
  },
  {
    "image": "https://www.htmlgames.com/uploaded/game/thumb/hnefatafl300.jpg",
    "link": "https://www.htmlgames.com/game/Hnefatafl",
    "name": "Hnefatafl",
    "embedLink": "https://cdn.htmlgames.com/Hnefatafl/index.html?npa=1",
    "category": "Classic"
  },
  {
    "image": "https://www.htmlgames.com/uploaded/game/thumb/TheRoyalgameofUr300200.jpg",
    "link": "https://www.htmlgames.com/game/The+Royal+Game+of+Ur",
    "name": "The Royal Game of Ur",
    "embedLink": "https://cdn.htmlgames.com/TheRoyalGameOfUr/index.html?npa=1",
    "category": "Classic"
  }
]