[
  {
    "image": "https://www.htmlgames.com/uploaded/game/thumb/hiddenforest300200.jpg",
    "link": "https://www.htmlgames.com/game/Hidden+Forest",
    "name": "Hidden Forest",
    "embedLink": "https://cdn.htmlgames.com/HiddenForest/index.html?npa=1",
    "category": "Hidden"
  },
  {
    "image": "https://www.htmlgames.com/uploaded/game/thumb/hiddenspots-jewelry300200.jpg",
    "link": "https://www.htmlgames.com/game/Hidden+Spots+-+Jewelry",
    "name": "Hidden Spots - Jewelry",
    "embedLink": "https://cdn.htmlgames.com/HiddenSpotsJewelry/index.html?npa=1",
    "category": "Hidden"
  },
  {
    "image": "https://www.htmlgames.com/uploaded/game/thumb/hiddenspotsindonesia300200.jpg",
    "link": "https://www.htmlgames.com/game/Hidden+Spots+-+Indonesia",
    "name": "Hidden Spots - Indonesia",
    "embedLink": "https://cdn.htmlgames.com/HiddenSpotsIndonesia/index.html?npa=1",
    "category": "Hidden"
  },
  {
    "image": "https://www.htmlgames.com/uploaded/game/thumb/amsterdamhiddenobjects300200.jpg",
    "link": "https://www.htmlgames.com/game/Amsterdam+Hidden+Objects",
    "name": "Amsterdam Hidden Objects",
    "embedLink": "https://cdn.htmlgames.com/AmsterdamHiddenObjects/index.html?npa=1",
    "category": "Hidden"
  },
  {
    "image": "https://www.htmlgames.com/uploaded/game/thumb/sydneyhiddenobjects300200.jpg",
    "link": "https://www.htmlgames.com/game/Sydney+Hidden+Objects",
    "name": "Sydney Hidden Objects",
    "embedLink": "https://cdn.htmlgames.com/SydneyHiddenObjects/index.html?npa=1",
    "category": "Hidden"
  },
  {
    "image": "https://www.htmlgames.com/uploaded/game/thumb/thepalacehotel300.jpg",
    "link": "https://www.htmlgames.com/game/The+Palace+Hotel",
    "name": "The Palace Hotel",
    "embedLink": "https://cdn.htmlgames.com/ThePalaceHotel/index.html?npa=1",
    "category": "Hidden"
  },
  {
    "image": "https://www.htmlgames.com/uploaded/game/thumb/playgrounddifferences300200.jpg",
    "link": "https://www.htmlgames.com/game/Playground+Differences",
    "name": "Playground Differences",
    "embedLink": "https://cdn.htmlgames.com/PlaygroundDifferences/index.html?npa=1",
    "category": "Hidden"
  },
  {
    "image": "https://www.htmlgames.com/uploaded/game/thumb/berlinhiddenobjects300200.jpg",
    "link": "https://www.htmlgames.com/game/Berlin+Hidden+Objects",
    "name": "Berlin Hidden Objects",
    "embedLink": "https://cdn.htmlgames.com/BerlinHiddenObjects/index.html?npa=1",
    "category": "Hidden"
  },
  {
    "image": "https://www.htmlgames.com/uploaded/game/thumb/gardensecretshiddenobjects-300200.jpg",
    "link": "https://www.htmlgames.com/game/Garden+Secrets+Hidden+Objects",
    "name": "Garden Secrets Hidden Objects",
    "embedLink": "https://cdn.htmlgames.com/GardenSecretsHiddenObjects/index.html?npa=1",
    "category": "Hidden"
  },
  {
    "image": "https://www.htmlgames.com/uploaded/game/thumb/worldsgreatestcities300200.jpg",
    "link": "https://www.htmlgames.com/game/World%27s+Greatest+Cities",
    "name": "World's Greatest Cities",
    "embedLink": "https://cdn.htmlgames.com/WorldsGreatestCities/index.html?npa=1",
    "category": "Hidden"
  },
  {
    "image": "https://www.htmlgames.com/uploaded/game/thumb/railwaymysteries300200.jpg",
    "link": "https://www.htmlgames.com/game/Railway+Mysteries",
    "name": "Railway Mysteries",
    "embedLink": "https://cdn.htmlgames.com/RailwayMysteries/index.html?npa=1",
    "category": "Hidden"
  },
  {
    "image": "https://www.htmlgames.com/uploaded/game/thumb/flowergarden2300200.jpg",
    "link": "https://www.htmlgames.com/game/Flower+Garden+2",
    "name": "Flower Garden 2",
    "embedLink": "https://cdn.htmlgames.com/FlowerGarden2/index.html?npa=1",
    "category": "Hidden"
  },
  {
    "image": "https://www.htmlgames.com/uploaded/game/thumb/christmasmysteries300200.jpg",
    "link": "https://www.htmlgames.com/game/Christmas+Mysteries",
    "name": "Christmas Mysteries",
    "embedLink": "https://cdn.htmlgames.com/ChristmasMysteries/index.html?npa=1",
    "category": "Hidden"
  },
  {
    "image": "https://www.htmlgames.com/uploaded/game/thumb/circushiddenletters300200.jpg",
    "link": "https://www.htmlgames.com/game/Circus+Hidden+Letters",
    "name": "Circus Hidden Letters",
    "embedLink": "https://cdn.htmlgames.com/CircusHiddenLetters/index.html?npa=1",
    "category": "Hidden"
  },
  {
    "image": "https://www.htmlgames.com/uploaded/game/thumb/zoomysteries300200.jpg",
    "link": "https://www.htmlgames.com/game/Zoo+Mysteries",
    "name": "Zoo Mysteries",
    "embedLink": "https://cdn.htmlgames.com/ZooMysteries/index.html?npa=1",
    "category": "Hidden"
  },
  {
    "image": "https://www.htmlgames.com/uploaded/game/thumb/adayinthemuseum300200.jpg",
    "link": "https://www.htmlgames.com/game/A+day+in+the+Museum",
    "name": "A day in the Museum",
    "embedLink": "https://cdn.htmlgames.com/ADayInTheMuseum/index.html?npa=1",
    "category": "Hidden"
  },
  {
    "image": "https://www.htmlgames.com/uploaded/game/thumb/hiddenspotscastles300200.jpg",
    "link": "https://www.htmlgames.com/game/Hidden+Spots+-+Castles",
    "name": "Hidden Spots - Castles",
    "embedLink": "https://cdn.htmlgames.com/HiddenSpotsCastles/index.html?npa=1",
    "category": "Hidden"
  },
  {
    "image": "https://www.htmlgames.com/uploaded/game/thumb/hiddenkitchen300200.jpg",
    "link": "https://www.htmlgames.com/game/Hidden+Kitchen",
    "name": "Hidden Kitchen",
    "embedLink": "https://cdn.htmlgames.com/HiddenKitchen/index.html?npa=1",
    "category": "Hidden"
  },
  {
    "image": "https://www.htmlgames.com/uploaded/game/thumb/circushiddennumbers300200.jpg",
    "link": "https://www.htmlgames.com/game/Circus+Hidden+Numbers",
    "name": "Circus Hidden Numbers",
    "embedLink": "https://cdn.htmlgames.com/CircusHiddenNumbers/index.html?npa=1",
    "category": "Hidden"
  },
  {
    "image": "https://www.htmlgames.com/uploaded/game/thumb/famouspaintings1300200.jpg",
    "link": "https://www.htmlgames.com/game/Famous+Paintings+1",
    "name": "Famous Paintings 1",
    "embedLink": "https://cdn.htmlgames.com/FamousPaintings1/index.html?npa=1",
    "category": "Hidden"
  },
  {
    "image": "https://www.htmlgames.com/uploaded/game/thumb/worldcruise300.jpg",
    "link": "https://www.htmlgames.com/game/World+Cruise",
    "name": "World Cruise",
    "embedLink": "https://cdn.htmlgames.com/WorldCruise/index.html?npa=1",
    "category": "Hidden"
  },
  {
    "image": "https://www.htmlgames.com/uploaded/game/thumb/famouspaintings3300200.jpg",
    "link": "https://www.htmlgames.com/game/Famous+Paintings+3",
    "name": "Famous Paintings 3",
    "embedLink": "https://cdn.htmlgames.com/FamousPaintings3/index.html?npa=1",
    "category": "Hidden"
  },
  {
    "image": "https://www.htmlgames.com/uploaded/game/thumb/hiddenlibrary300200.jpg",
    "link": "https://www.htmlgames.com/game/Hidden+Library",
    "name": "Hidden Library",
    "embedLink": "https://cdn.htmlgames.com/HiddenLibrary/index.html?npa=1",
    "category": "Hidden"
  },
  {
    "image": "https://www.htmlgames.com/uploaded/game/thumb/europeancities300.jpg",
    "link": "https://www.htmlgames.com/game/European+Cities",
    "name": "European Cities",
    "embedLink": "https://cdn.htmlgames.com/EuropeanCities/index.html?npa=1",
    "category": "Hidden"
  },
  {
    "image": "https://www.htmlgames.com/uploaded/game/thumb/flowergarden300200.jpg",
    "link": "https://www.htmlgames.com/game/Flower+Garden",
    "name": "Flower Garden",
    "embedLink": "https://cdn.htmlgames.com/FlowerGarden/index.html?npa=1",
    "category": "Hidden"
  },
  {
    "image": "https://www.htmlgames.com/uploaded/game/thumb/castlemysteries300200.jpg",
    "link": "https://www.htmlgames.com/game/Castle+Mysteries",
    "name": "Castle Mysteries",
    "embedLink": "https://cdn.htmlgames.com/CastleMysteries/index.html?npa=1",
    "category": "Hidden"
  },
  {
    "image": "https://www.htmlgames.com/uploaded/game/thumb/numbersinthecity300200.jpg",
    "link": "https://www.htmlgames.com/game/Numbers+in+the+City",
    "name": "Numbers in the City",
    "embedLink": "https://cdn.htmlgames.com/NumbersInTheCity/index.html?npa=1",
    "category": "Hidden"
  },
  {
    "image": "https://www.htmlgames.com/uploaded/game/thumb/gardensecretshiddennumbers300200.jpg",
    "link": "https://www.htmlgames.com/game/Garden+Secrets+Hidden+Numbers",
    "name": "Garden Secrets Hidden Numbers",
    "embedLink": "https://cdn.htmlgames.com/GardenSecretsHiddenNumbers/index.html?npa=1",
    "category": "Hidden"
  },
  {
    "image": "https://www.htmlgames.com/uploaded/game/thumb/junglemysteries300200.jpg",
    "link": "https://www.htmlgames.com/game/Jungle+Mysteries",
    "name": "Jungle Mysteries",
    "embedLink": "https://cdn.htmlgames.com/JungleMysteries/index.html?npa=1",
    "category": "Hidden"
  },
  {
    "image": "https://www.htmlgames.com/uploaded/game/thumb/parishiddenobjects300200.jpg",
    "link": "https://www.htmlgames.com/game/Paris+Hidden+Objects",
    "name": "Paris Hidden Objects",
    "embedLink": "https://cdn.htmlgames.com/ParisHiddenObjects/index.html?npa=1",
    "category": "Hidden"
  },
  {
    "image": "https://www.htmlgames.com/uploaded/game/thumb/discoverpetra300.jpg",
    "link": "https://www.htmlgames.com/game/Discover+Petra",
    "name": "Discover Petra",
    "embedLink": "https://cdn.htmlgames.com/DiscoverPetra/index.html?npa=1",
    "category": "Hidden"
  },
  {
    "image": "https://www.htmlgames.com/uploaded/game/thumb/medievalcastlehiddennumbers300200.jpg",
    "link": "https://www.htmlgames.com/game/Medieval+Castle+Hidden+Numbers",
    "name": "Medieval Castle Hidden Numbers",
    "embedLink": "https://cdn.htmlgames.com/MedievalCastleHiddenNumbers/index.html?npa=1",
    "category": "Hidden"
  },
  {
    "image": "https://www.htmlgames.com/uploaded/game/thumb/piratesandtreasures300200.jpg",
    "link": "https://www.htmlgames.com/game/Pirates+and+Treasures",
    "name": "Pirates and Treasures",
    "embedLink": "https://cdn.htmlgames.com/PiratesAndTreasures/index.html?npa=1",
    "category": "Hidden"
  },
  {
    "image": "https://www.htmlgames.com/uploaded/game/thumb/officehiddenobjects300200.jpg",
    "link": "https://www.htmlgames.com/game/Office+Hidden+Objects",
    "name": "Office Hidden Objects",
    "embedLink": "https://cdn.htmlgames.com/OfficeHiddenObjects/index.html?npa=1",
    "category": "Hidden"
  },
  {
    "image": "https://www.htmlgames.com/uploaded/game/thumb/gardensecretshiddenobjectstext300200.jpg",
    "link": "https://www.htmlgames.com/game/Garden+Secrets+Hidden+Objects+by+Text",
    "name": "Garden Secrets Hidden Objects by Text",
    "embedLink": "https://cdn.htmlgames.com/GardenSecretsHiddenObjectsText/index.html?npa=1",
    "category": "Hidden"
  },
  {
    "image": "https://www.htmlgames.com/uploaded/game/thumb/warehousehiddendifferences300200.jpg",
    "link": "https://www.htmlgames.com/game/Warehouse+Hidden+Differences",
    "name": "Warehouse Hidden Differences",
    "embedLink": "https://cdn.htmlgames.com/WarehouseHiddenDifferences/index.html?npa=1",
    "category": "Hidden"
  },
  {
    "image": "https://www.htmlgames.com/uploaded/game/thumb/hiddenfood300200.jpg",
    "link": "https://www.htmlgames.com/game/Hidden+Food",
    "name": "Hidden Food",
    "embedLink": "https://cdn.htmlgames.com/HiddenFood/index.html?npa=1",
    "category": "Hidden"
  },
  {
    "image": "https://www.htmlgames.com/uploaded/game/thumb/medievalcastlehiddenletters300200.jpg",
    "link": "https://www.htmlgames.com/game/Medieval+Castle+Hidden+Letters",
    "name": "Medieval Castle Hidden Letters",
    "embedLink": "https://cdn.htmlgames.com/MedievalCastleHiddenLetters/index.html?npa=1",
    "category": "Hidden"
  },
  {
    "image": "https://www.htmlgames.com/uploaded/game/thumb/gardensecretshiddenletters300200.jpg",
    "link": "https://www.htmlgames.com/game/Garden+Secrets+Hidden+Letters",
    "name": "Garden Secrets Hidden Letters",
    "embedLink": "https://cdn.htmlgames.com/GardenSecretsHiddenLetters/index.html?npa=1",
    "category": "Hidden"
  },
  {
    "image": "https://www.htmlgames.com/uploaded/game/thumb/famouspaintings2300200.jpg",
    "link": "https://www.htmlgames.com/game/Famous+Paintings+2",
    "name": "Famous Paintings 2",
    "embedLink": "https://cdn.htmlgames.com/FamousPaintings2/index.html?npa=1",
    "category": "Hidden"
  },
  {
    "image": "https://www.htmlgames.com/uploaded/game/thumb/beijinghiddenobjects300200.jpg",
    "link": "https://www.htmlgames.com/game/Beijing+Hidden+Objects",
    "name": "Beijing Hidden Objects",
    "embedLink": "https://cdn.htmlgames.com/BeijingHiddenObjects/index.html?npa=1",
    "category": "Hidden"
  },
  {
    "image": "https://www.htmlgames.com/uploaded/game/thumb/huntingjackinthecity300200.jpg",
    "link": "https://www.htmlgames.com/game/Hunting+Jack+-+In+The+City",
    "name": "Hunting Jack - In The City",
    "embedLink": "https://cdn.htmlgames.com/HuntingJackInTheCity/index.html?npa=[np]",
    "category": "Hidden"
  },
  {
    "image": "https://www.htmlgames.com/uploaded/game/thumb/chinatemple300200.jpg",
    "link": "https://www.htmlgames.com/game/China+Temple",
    "name": "China Temple",
    "embedLink": "https://cdn.htmlgames.com/ChinaTemple/index.html?npa=1",
    "category": "Hidden"
  },
  {
    "image": "https://www.htmlgames.com/uploaded/game/thumb/newyorkhiddenobjects300200.jpg",
    "link": "https://www.htmlgames.com/game/New+York+Hidden+Objects",
    "name": "New York Hidden Objects",
    "embedLink": "https://cdn.htmlgames.com/NewYorkHiddenObjects/index.html?npa=1",
    "category": "Hidden"
  },
  {
    "image": "https://www.htmlgames.com/uploaded/game/thumb/hiddenprincess300200.jpg",
    "link": "https://www.htmlgames.com/game/Hidden+Princess",
    "name": "Hidden Princess",
    "embedLink": "https://cdn.htmlgames.com/HiddenPrincess/index.html?npa=1",
    "category": "Hidden"
  },
  {
    "image": "https://www.htmlgames.com/uploaded/game/thumb/circushiddenobjects300200.jpg",
    "link": "https://www.htmlgames.com/game/Circus+Hidden+Objects",
    "name": "Circus Hidden Objects",
    "embedLink": "https://cdn.htmlgames.com/CircusHiddenObjects/index.html?npa=1",
    "category": "Hidden"
  },
  {
    "image": "https://www.htmlgames.com/uploaded/game/thumb/discoverchina300200.jpg",
    "link": "https://www.htmlgames.com/game/Discover+China",
    "name": "Discover China",
    "embedLink": "https://cdn.htmlgames.com/DiscoverChina/index.html?npa=1",
    "category": "Hidden"
  },
  {
    "image": "https://www.htmlgames.com/uploaded/game/thumb/gardensecretshiddenobjects300200.jpg",
    "link": "https://www.htmlgames.com/game/Garden+Secrets+Hidden+Objects+Memory",
    "name": "Garden Secrets Hidden Objects Memory",
    "embedLink": "https://cdn.htmlgames.com/GardenSecretsHiddenObjectsMemory/index.html?npa=1",
    "category": "Hidden"
  },
  {
    "image": "https://www.htmlgames.com/uploaded/game/thumb/hiddenclassroom300200.jpg",
    "link": "https://www.htmlgames.com/game/Hidden+Classroom",
    "name": "Hidden Classroom",
    "embedLink": "https://cdn.htmlgames.com/HiddenClassroom/index.html?npa=1",
    "category": "Hidden"
  },
  {
    "image": "https://www.htmlgames.com/uploaded/game/thumb/illustrations2300200.jpg",
    "link": "https://www.htmlgames.com/game/Illustrations+2",
    "name": "Illustrations 2",
    "embedLink": "https://cdn.htmlgames.com/Illustrations2/index.html?npa=1",
    "category": "Hidden"
  },
  {
    "image": "https://www.htmlgames.com/uploaded/game/thumb/hiddentoys300200.jpg",
    "link": "https://www.htmlgames.com/game/Hidden+Toys",
    "name": "Hidden Toys",
    "embedLink": "https://cdn.htmlgames.com/HiddenToys/index.html?npa=1",
    "category": "Hidden"
  },
  {
    "image": "https://www.htmlgames.com/uploaded/game/thumb/spottheufo300.jpg",
    "link": "https://www.htmlgames.com/game/Spot+the+UFO",
    "name": "Spot the UFO",
    "embedLink": "https://cdn.htmlgames.com/SpotTheUFO/?npa=1",
    "category": "Hidden"
  },
  {
    "image": "https://www.htmlgames.com/uploaded/game/thumb/enchantedgarden300200.jpg",
    "link": "https://www.htmlgames.com/game/Enchanted+Garden",
    "name": "Enchanted Garden",
    "embedLink": "https://cdn.htmlgames.com/EnchantedGarden/index.html?npa=1",
    "category": "Hidden"
  },
  {
    "image": "https://www.htmlgames.com/uploaded/game/thumb/hiddenicon300200.jpg",
    "link": "https://www.htmlgames.com/game/Hidden+Icons",
    "name": "Hidden Icons",
    "embedLink": "https://cdn.htmlgames.com/HiddenIcons/index.html?npa=1",
    "category": "Hidden"
  },
  {
    "image": "https://www.htmlgames.com/uploaded/game/thumb/waterfallhiddenstars300200.jpg",
    "link": "https://www.htmlgames.com/game/Waterfall+-+Hidden+Stars",
    "name": "Waterfall - Hidden Stars",
    "embedLink": "https://cdn.htmlgames.com/WaterfallHiddenStars/index.html?npa=1",
    "category": "Hidden"
  },
  {
    "image": "https://www.htmlgames.com/uploaded/game/thumb/gardensecretshiddenoutlines300200.jpg",
    "link": "https://www.htmlgames.com/game/Garden+Secrets+Hidden+Objects+by+Outline",
    "name": "Garden Secrets Hidden Objects by Outline",
    "embedLink": "https://cdn.htmlgames.com/GardenSecretsHiddenOutlines/index.html?npa=1",
    "category": "Hidden"
  },
  {
    "image": "https://www.htmlgames.com/uploaded/game/thumb/medievalcastlehiddenpieces300.jpg",
    "link": "https://www.htmlgames.com/game/Medieval+Castle+Hidden+Pieces",
    "name": "Medieval Castle Hidden Pieces",
    "embedLink": "https://cdn.htmlgames.com/MedievalCastleHiddenPieces/index.html?npa=1",
    "category": "Hidden"
  },
  {
    "image": "https://www.htmlgames.com/uploaded/game/thumb/illustrations1300200.jpg",
    "link": "https://www.htmlgames.com/game/Illustrations+1",
    "name": "Illustrations 1",
    "embedLink": "https://cdn.htmlgames.com/Illustrations1/index.html?npa=1",
    "category": "Hidden"
  },
  {
    "image": "https://www.htmlgames.com/uploaded/game/thumb/circusadventures300200.jpg",
    "link": "https://www.htmlgames.com/game/Circus+Adventures",
    "name": "Circus Adventures",
    "embedLink": "https://cdn.htmlgames.com/CircusAdventures/index.html?npa=1",
    "category": "Hidden"
  },
  {
    "image": "https://www.htmlgames.com/uploaded/game/thumb/hauntedhousehiddenobjects300200.jpg",
    "link": "https://www.htmlgames.com/game/Haunted+House+Hidden+Objects",
    "name": "Haunted House Hidden Objects",
    "embedLink": "https://cdn.htmlgames.com/HauntedHouseHiddenObjects/index.html?npa=1",
    "category": "Hidden"
  },
  {
    "image": "https://www.htmlgames.com/uploaded/game/thumb/cruiseshiphiddenobjects300200.jpg",
    "link": "https://www.htmlgames.com/game/Cruise+Ship+Hidden+Objects",
    "name": "Cruise Ship Hidden Objects",
    "embedLink": "https://cdn.htmlgames.com/CruiseShipHiddenObjects/",
    "category": "Hidden"
  },
  {
    "image": "https://www.htmlgames.com/uploaded/game/thumb/animaldifferences300200.jpg",
    "link": "https://www.htmlgames.com/game/Animal+Differences",
    "name": "Animal Differences",
    "embedLink": "https://cdn.htmlgames.com/AnimalDifferences/index.html?npa=1",
    "category": "Hidden"
  },
  {
    "image": "https://www.htmlgames.com/uploaded/game/thumb/gardensecretsfindthedifferences300200.jpg",
    "link": "https://www.htmlgames.com/game/Garden+Secrets+Find+the+Differences",
    "name": "Garden Secrets Find the Differences",
    "embedLink": "https://cdn.htmlgames.com/GardenSecretsFindTheDifferences/index.html?npa=1",
    "category": "Hidden"
  },
  {
    "image": "https://www.htmlgames.com/uploaded/game/thumb/ruinshiddenstars300200.jpg",
    "link": "https://www.htmlgames.com/game/Ruins+-+Hidden+Stars",
    "name": "Ruins - Hidden Stars",
    "embedLink": "https://cdn.htmlgames.com/RuinsHiddenStars/index.html?npa=1",
    "category": "Hidden"
  },
  {
    "image": "https://www.htmlgames.com/uploaded/game/thumb/gardensecretshiddenchallenge300200.jpg",
    "link": "https://www.htmlgames.com/game/Garden+Secrets+Hidden+Challenge",
    "name": "Garden Secrets Hidden Challenge",
    "embedLink": "https://cdn.htmlgames.com/GardenSecretsHiddenChallenge/index.html?npa=1",
    "category": "Hidden"
  }
]