[
  {
    "image": "https://www.htmlgames.com/uploaded/game/thumb/mahjonggchina300200.jpg",
    "link": "https://www.htmlgames.com/game/Mahjongg+China",
    "name": "Mahjongg China",
    "embedLink": "https://cdn.htmlgames.com/MahjonggChina/index.html?npa=1",
    "category": "Mahjong"
  },
  {
    "image": "https://www.htmlgames.com/uploaded/game/thumb/darkmahjongconnect300200.jpg",
    "link": "https://www.htmlgames.com/game/Dark+Mahjong+Connect",
    "name": "Dark Mahjong Connect",
    "embedLink": "https://cdn.htmlgames.com/DarkMahjongConnect/index.html?npa=1",
    "category": "Mahjong"
  },
  {
    "image": "https://www.htmlgames.com/uploaded/game/thumb/christmasconnect300200.jpg",
    "link": "https://www.htmlgames.com/game/Christmas+Connect",
    "name": "Christmas Connect",
    "embedLink": "https://cdn.htmlgames.com/ChristmasConnect/index.html?npa=1",
    "category": "Mahjong"
  },
  {
    "image": "https://www.htmlgames.com/uploaded/game/thumb/easterpile300.jpg",
    "link": "https://www.htmlgames.com/game/Easter+Pile",
    "name": "Easter Pile",
    "embedLink": "https://cdn.htmlgames.com/EasterPile/index.html?npa=1",
    "category": "Mahjong"
  },
  {
    "image": "https://www.htmlgames.com/uploaded/game/thumb/halloweenmahjong300200.jpg",
    "link": "https://www.htmlgames.com/game/Halloween+Mahjong",
    "name": "Halloween Mahjong",
    "embedLink": "https://cdn.htmlgames.com/HalloweenMahjong/index.html?npa=1",
    "category": "Mahjong"
  },
  {
    "image": "https://www.htmlgames.com/uploaded/game/thumb/darkmahjongsolitaire300200.jpg",
    "link": "https://www.htmlgames.com/game/Dark+Mahjong+Solitaire",
    "name": "Dark Mahjong Solitaire",
    "embedLink": "https://cdn.htmlgames.com/DarkMahjongSolitaire/index.html?npa=1",
    "category": "Mahjong"
  },
  {
    "image": "https://www.htmlgames.com/uploaded/game/thumb/wallpaperconnect300200.jpg",
    "link": "https://www.htmlgames.com/game/Wallpaper+Connect",
    "name": "Wallpaper Connect",
    "embedLink": "https://cdn.htmlgames.com/WallpaperConnect/index.html?npa=1",
    "category": "Mahjong"
  },
  {
    "image": "https://www.htmlgames.com/uploaded/game/thumb/shanghaidynasty300200.jpg",
    "link": "https://www.htmlgames.com/game/Shanghai+Dynasty",
    "name": "Shanghai Dynasty",
    "embedLink": "https://cdn.htmlgames.com/ShanghaiDynasty/index.html?npa=1",
    "category": "Mahjong"
  },
  {
    "image": "https://www.htmlgames.com/uploaded/game/thumb/originalmahjongg300200.jpg",
    "link": "https://www.htmlgames.com/game/Original+Mahjongg",
    "name": "Original Mahjongg",
    "embedLink": "https://cdn.htmlgames.com/OriginalMahjongg/index.html?npa=1",
    "category": "Mahjong"
  },
  {
    "image": "https://www.htmlgames.com/uploaded/game/thumb/mahjongcolors300200.jpg",
    "link": "https://www.htmlgames.com/game/Mahjong+Colors",
    "name": "Mahjong Colors",
    "embedLink": "https://cdn.htmlgames.com/MahjongColors/index.html?npa=1",
    "category": "Mahjong"
  },
  {
    "image": "https://www.htmlgames.com/uploaded/game/thumb/feedtheanimals300200.jpg",
    "link": "https://www.htmlgames.com/game/Feed+the+Animals",
    "name": "Feed the Animals",
    "embedLink": "https://cdn.htmlgames.com/FeedTheAnimals/index.html?npa=1",
    "category": "Mahjong"
  },
  {
    "image": "https://www.htmlgames.com/uploaded/game/thumb/mahjongconnectjungle300200.jpg",
    "link": "https://www.htmlgames.com/game/Mahjong+Connect+Jungle",
    "name": "Mahjong Connect Jungle",
    "embedLink": "https://cdn.htmlgames.com/MahjongConnectJungle/index.html?npa=1",
    "category": "Mahjong"
  },
  {
    "image": "https://www.htmlgames.com/uploaded/game/thumb/mahjongtower300200.jpg",
    "link": "https://www.htmlgames.com/game/Mahjong+Tower",
    "name": "Mahjong Tower",
    "embedLink": "https://cdn.htmlgames.com/MahjongTower/index.html?npa=1",
    "category": "Mahjong"
  },
  {
    "image": "https://www.htmlgames.com/uploaded/game/thumb/farmmahjongg300200.jpg",
    "link": "https://www.htmlgames.com/game/Farm+Mahjong",
    "name": "Farm Mahjong",
    "embedLink": "https://cdn.htmlgames.com/FarmMahjong/index.html?npa=1",
    "category": "Mahjong"
  },
  {
    "image": "https://www.htmlgames.com/uploaded/game/thumb/mah-domino300200.jpg",
    "link": "https://www.htmlgames.com/game/Mah-Domino",
    "name": "Mah-Domino",
    "embedLink": "https://cdn.htmlgames.com/Mah-Domino/index.html?npa=1",
    "category": "Mahjong"
  },
  {
    "image": "https://www.htmlgames.com/uploaded/game/thumb/mahjongblocks300200.jpg",
    "link": "https://www.htmlgames.com/game/Mahjong+Blocks+-+Maya",
    "name": "Mahjong Blocks - Maya",
    "embedLink": "https://cdn.htmlgames.com/MahjongBlocksMaya/index.html?npa=1",
    "category": "Mahjong"
  },
  {
    "image": "https://www.htmlgames.com/uploaded/game/thumb/mahjong3d300200.jpg",
    "link": "https://www.htmlgames.com/game/Mahjong+3D",
    "name": "Mahjong 3D",
    "embedLink": "https://cdn.htmlgames.com/Mahjong3D/index.html?npa=1",
    "category": "Mahjong"
  },
  {
    "image": "https://www.htmlgames.com/uploaded/game/thumb/blackandwhitedimensions300200.jpg",
    "link": "https://www.htmlgames.com/game/Black+and+White+Dimensions",
    "name": "Black and White Dimensions",
    "embedLink": "https://cdn.htmlgames.com/BlackAndWhiteDimensions/index.html?npa=1",
    "category": "Mahjong"
  },
  {
    "image": "https://www.htmlgames.com/uploaded/game/thumb/masterqwansmahjong300200.jpg",
    "link": "https://www.htmlgames.com/game/Master+Qwans+Mahjong",
    "name": "Master Qwans Mahjong",
    "embedLink": "https://cdn.htmlgames.com/MasterQwansMahjong/index.html?npa=1",
    "category": "Mahjong"
  },
  {
    "image": "https://www.htmlgames.com/uploaded/game/thumb/majong300200.jpg",
    "link": "https://www.htmlgames.com/game/Majong",
    "name": "Majong",
    "embedLink": "https://cdn.htmlgames.com/Majong/index.html?npa=1",
    "category": "Mahjong"
  },
  {
    "image": "https://www.htmlgames.com/uploaded/game/thumb/cupofteamahjong300200.jpg",
    "link": "https://www.htmlgames.com/game/Cup+of+Tea+Mahjong",
    "name": "Cup of Tea Mahjong",
    "embedLink": "https://cdn.htmlgames.com/CupOfTeaMahjong/index.html?npa=1",
    "category": "Mahjong"
  },
  {
    "image": "https://www.htmlgames.com/uploaded/game/thumb/mahjongconnectII300200.jpg",
    "link": "https://www.htmlgames.com/game/Mah+Jong+Connect+II",
    "name": "Mah Jong Connect II",
    "embedLink": "https://cdn.htmlgames.com/MahJongConnectII/index.html?npa=1",
    "category": "Mahjong"
  },
  {
    "image": "https://www.htmlgames.com/uploaded/game/thumb/tilesofjapan300200.jpg",
    "link": "https://www.htmlgames.com/game/Tiles+of+Japan",
    "name": "Tiles of Japan",
    "embedLink": "https://cdn.htmlgames.com/TilesOfJapan/index.html?npa=1",
    "category": "Mahjong"
  },
  {
    "image": "https://www.htmlgames.com/uploaded/game/thumb/mahjongg-titans-300.jpg",
    "link": "https://www.htmlgames.com/game/Mahjong+Titans",
    "name": "Mahjong Titans",
    "embedLink": "https://cdn.htmlgames.com/MahjongTitans/index.html?npa=1",
    "category": "Mahjong"
  },
  {
    "image": "https://www.htmlgames.com/uploaded/game/thumb/mahjongchain300200.jpg",
    "link": "https://www.htmlgames.com/game/Mahjong+Chain",
    "name": "Mahjong Chain",
    "embedLink": "https://cdn.htmlgames.com/MahjongChain/index.html?npa=1",
    "category": "Mahjong"
  },
  {
    "image": "https://www.htmlgames.com/uploaded/game/thumb/mahjonggardens300200.jpg",
    "link": "https://www.htmlgames.com/game/Mahjong+Gardens",
    "name": "Mahjong Gardens",
    "embedLink": "https://cdn.htmlgames.com/MahjongGardens/index.html?npa=1",
    "category": "Mahjong"
  },
  {
    "image": "https://www.htmlgames.com/uploaded/game/thumb/mahjonggrelax300200.jpg",
    "link": "https://www.htmlgames.com/game/Mahjongg+Relax",
    "name": "Mahjongg Relax",
    "embedLink": "https://cdn.htmlgames.com/MahjonggRelax/index.html?npa=1",
    "category": "Mahjong"
  },
  {
    "image": "https://www.htmlgames.com/uploaded/game/thumb/jollyjong2300200.jpg",
    "link": "https://www.htmlgames.com/game/Jolly+Jong+2",
    "name": "Jolly Jong 2",
    "embedLink": "https://cdn.htmlgames.com/JollyJong2/index.html?npa=1",
    "category": "Mahjong"
  },
  {
    "image": "https://www.htmlgames.com/uploaded/game/thumb/jollyjongone300200.jpg",
    "link": "https://www.htmlgames.com/game/Jolly+Jong+One",
    "name": "Jolly Jong One",
    "embedLink": "https://cdn.htmlgames.com/JollyJongOne/index.html?npa=1",
    "category": "Mahjong"
  },
  {
    "image": "https://www.htmlgames.com/uploaded/game/thumb/mahjongconnect300.jpg",
    "link": "https://www.htmlgames.com/game/Mahjong+Connect",
    "name": "Mahjong Connect",
    "embedLink": "https://cdn.htmlgames.com/MahjongConnect/index.html?npa=1",
    "category": "Mahjong"
  },
  {
    "image": "https://www.htmlgames.com/uploaded/game/thumb/wildwestmahjong300200.jpg",
    "link": "https://www.htmlgames.com/game/Wild+West+Mahjong",
    "name": "Wild West Mahjong",
    "embedLink": "https://cdn.htmlgames.com/WildWestMahjong/index.html?npa=1",
    "category": "Mahjong"
  },
  {
    "image": "https://www.htmlgames.com/uploaded/game/thumb/pileoftiles300.jpg",
    "link": "https://www.htmlgames.com/game/Pile+of+Tiles",
    "name": "Pile of Tiles",
    "embedLink": "https://cdn.htmlgames.com/PileOfTiles/index.html?npa=1",
    "category": "Mahjong"
  },
  {
    "image": "https://www.htmlgames.com/uploaded/game/thumb/jollyjongsandsofegypt300200.jpg",
    "link": "https://www.htmlgames.com/game/Jolly+Jong+Sands+of+Egypt",
    "name": "Jolly Jong Sands of Egypt",
    "embedLink": "https://cdn.htmlgames.com/JollyJongSandsOfEgypt/index.html?npa=1",
    "category": "Mahjong"
  },
  {
    "image": "https://www.htmlgames.com/uploaded/game/thumb/jewelmahjongg300200.jpg",
    "link": "https://www.htmlgames.com/game/Jewel+Mahjongg",
    "name": "Jewel Mahjongg",
    "embedLink": "https://cdn.htmlgames.com/JewelMahjongg/index.html?npa=1",
    "category": "Mahjong"
  },
  {
    "image": "https://www.htmlgames.com/uploaded/game/thumb/glowjongg300200.jpg",
    "link": "https://www.htmlgames.com/game/Glow+Jongg",
    "name": "Glow Jongg",
    "embedLink": "https://cdn.htmlgames.com/GlowJongg/index.html?npa=1",
    "category": "Mahjong"
  },
  {
    "image": "https://www.htmlgames.com/uploaded/game/thumb/flowerslidemahjong300200.jpg",
    "link": "https://www.htmlgames.com/game/Flower+Slide+Mahjong",
    "name": "Flower Slide Mahjong",
    "embedLink": "https://cdn.htmlgames.com/FlowerSlideMahjong/index.html?npa=1",
    "category": "Mahjong"
  },
  {
    "image": "https://www.htmlgames.com/uploaded/game/thumb/valentine300200.jpg",
    "link": "https://www.htmlgames.com/game/Valentine",
    "name": "Valentine",
    "embedLink": "https://cdn.htmlgames.com/Valentine/index.html?npa=1",
    "category": "Mahjong"
  },
  {
    "image": "https://www.htmlgames.com/uploaded/game/thumb/mahjonggarden2300.jpg",
    "link": "https://www.htmlgames.com/game/Mahjong+Gardens+2",
    "name": "Mahjong Gardens 2",
    "embedLink": "https://cdn.htmlgames.com/MahjongGardens2/index.html?npa=1",
    "category": "Mahjong"
  },
  {
    "image": "https://www.htmlgames.com/uploaded/game/thumb/birdskyodai300200.jpg",
    "link": "https://www.htmlgames.com/game/Birds+Kyodai",
    "name": "Birds Kyodai",
    "embedLink": "https://cdn.htmlgames.com/BirdsKyodai/index.html?npa=1",
    "category": "Mahjong"
  },
  {
    "image": "https://www.htmlgames.com/uploaded/game/thumb/forestmahjong300200.jpg",
    "link": "https://www.htmlgames.com/game/Forest+Mahjong",
    "name": "Forest Mahjong",
    "embedLink": "https://cdn.htmlgames.com/ForestMahjong/index.html?npa=1",
    "category": "Mahjong"
  },
  {
    "image": "https://www.htmlgames.com/uploaded/game/thumb/mahjongmatch300200.jpg",
    "link": "https://www.htmlgames.com/game/Mahjong+Match",
    "name": "Mahjong Match",
    "embedLink": "https://cdn.htmlgames.com/MahjongMatch/index.html?npa=1",
    "category": "Mahjong"
  },
  {
    "image": "https://www.htmlgames.com/uploaded/game/thumb/retromahjong300200.jpg",
    "link": "https://www.htmlgames.com/game/Retro+Mahjong",
    "name": "Retro Mahjong",
    "embedLink": "https://cdn.htmlgames.com/RetroMahjong/index.html?npa=1",
    "category": "Mahjong"
  },
  {
    "image": "https://www.htmlgames.com/uploaded/game/thumb/tripleconnect300200.jpg",
    "link": "https://www.htmlgames.com/game/Triple+Connect",
    "name": "Triple Connect",
    "embedLink": "https://cdn.htmlgames.com/TripleConnect/index.html?npa=1",
    "category": "Mahjong"
  },
  {
    "image": "https://www.htmlgames.com/uploaded/game/thumb/lostintime300.jpg",
    "link": "https://www.htmlgames.com/game/Lost+in+Time",
    "name": "Lost in Time",
    "embedLink": "https://cdn.htmlgames.com/LostInTime/index.html?npa=1",
    "category": "Mahjong"
  },
  {
    "image": "https://www.htmlgames.com/uploaded/game/thumb/animalsconnect300.jpg",
    "link": "https://www.htmlgames.com/game/Animals+Connect",
    "name": "Animals Connect",
    "embedLink": "https://cdn.htmlgames.com/AnimalsConnect/index.html?npa=1",
    "category": "Mahjong"
  },
  {
    "image": "https://www.htmlgames.com/uploaded/game/thumb/symbolic300200.jpg",
    "link": "https://www.htmlgames.com/game/Symbolic",
    "name": "Symbolic",
    "embedLink": "https://cdn.htmlgames.com/Symbolic/index.html?npa=1",
    "category": "Mahjong"
  },
  {
    "image": "https://www.htmlgames.com/uploaded/game/thumb/royaltowermahjong300200.jpg",
    "link": "https://www.htmlgames.com/game/Royal+Tower+Mahjong",
    "name": "Royal Tower Mahjong",
    "embedLink": "https://cdn.htmlgames.com/RoyalTowerMahjong/index.html?npa=1",
    "category": "Mahjong"
  },
  {
    "image": "https://www.htmlgames.com/uploaded/game/thumb/flowermahjongsolitaire300200.jpg",
    "link": "https://www.htmlgames.com/game/Flower+Mahjong+Solitaire",
    "name": "Flower Mahjong Solitaire",
    "embedLink": "https://cdn.htmlgames.com/FlowerMahjongSolitaire/index.html?npa=1",
    "category": "Mahjong"
  },
  {
    "image": "https://www.htmlgames.com/uploaded/game/thumb/animalcubes300200.jpg",
    "link": "https://www.htmlgames.com/game/Animal+Cubes",
    "name": "Animal Cubes",
    "embedLink": "https://cdn.htmlgames.com/AnimalCubes/index.html?npa=1",
    "category": "Mahjong"
  },
  {
    "image": "https://www.htmlgames.com/uploaded/game/thumb/spookymahjong300200.jpg",
    "link": "https://www.htmlgames.com/game/Spooky+Mahjong",
    "name": "Spooky Mahjong",
    "embedLink": "https://cdn.htmlgames.com/SpookyMahjong/index.html?npa=1",
    "category": "Mahjong"
  },
  {
    "image": "https://www.htmlgames.com/uploaded/game/thumb/mahjongcardsolitaire300200.jpg",
    "link": "https://www.htmlgames.com/game/Mahjong+Card+Solitaire",
    "name": "Mahjong Card Solitaire",
    "embedLink": "https://cdn.htmlgames.com/MahjongCardSolitaire/index.html?npa=1",
    "category": "Mahjong"
  },
  {
    "image": "https://www.htmlgames.com/uploaded/game/thumb/flowertriplemahjong300200.jpg",
    "link": "https://www.htmlgames.com/game/Flower+Triple+Mahjong",
    "name": "Flower Triple Mahjong",
    "embedLink": "https://cdn.htmlgames.com/FlowerTripleMahjong/index.html?npa=1",
    "category": "Mahjong"
  },
  {
    "image": "https://www.htmlgames.com/uploaded/game/thumb/candyconnect300200.jpg",
    "link": "https://www.htmlgames.com/game/Candy+Connect",
    "name": "Candy Connect",
    "embedLink": "https://cdn.htmlgames.com/CandyConnect/index.html?npa=1",
    "category": "Mahjong"
  },
  {
    "image": "https://www.htmlgames.com/uploaded/game/thumb/mahjong3dtime300.jpg",
    "link": "https://www.htmlgames.com/game/Mahjong+3D+Time",
    "name": "Mahjong 3D Time",
    "embedLink": "https://cdn.htmlgames.com/Mahjong3DTime/index.html?npa=1",
    "category": "Mahjong"
  },
  {
    "image": "https://www.htmlgames.com/uploaded/game/thumb/petlink300.jpg",
    "link": "https://www.htmlgames.com/game/Pet+Link",
    "name": "Pet Link",
    "embedLink": "https://cdn.htmlgames.com/PetLink/index.html?npa=1",
    "category": "Mahjong"
  },
  {
    "image": "https://www.htmlgames.com/uploaded/game/thumb/flowertowermahjong300200.jpg",
    "link": "https://www.htmlgames.com/game/Flower+Tower+Mahjong",
    "name": "Flower Tower Mahjong",
    "embedLink": "https://cdn.htmlgames.com/FlowerTowerMahjong/index.html?npa=1",
    "category": "Mahjong"
  },
  {
    "image": "https://www.htmlgames.com/uploaded/game/thumb/10mahjong300.jpg",
    "link": "https://www.htmlgames.com/game/10+Mahjong",
    "name": "10 Mahjong",
    "embedLink": "https://cdn.htmlgames.com/10Mahjong/index.html?npa=1",
    "category": "Mahjong"
  },
  {
    "image": "https://www.htmlgames.com/uploaded/game/thumb/blackwhitemahjong300.jpg",
    "link": "https://www.htmlgames.com/game/Black+%26+White+Mahjong",
    "name": "Black & White Mahjong",
    "embedLink": "https://cdn.htmlgames.com/BWMahjong/index.html?npa=1",
    "category": "Mahjong"
  },
  {
    "image": "https://www.htmlgames.com/uploaded/game/thumb/timeconnect300200.jpg",
    "link": "https://www.htmlgames.com/game/Time+Connect",
    "name": "Time Connect",
    "embedLink": "https://cdn.htmlgames.com/TimeConnect/index.html?npa=1",
    "category": "Mahjong"
  },
  {
    "image": "https://www.htmlgames.com/uploaded/game/thumb/triplemahjongg2300200.jpg",
    "link": "https://www.htmlgames.com/game/Triple+Mahjong+2",
    "name": "Triple Mahjong 2",
    "embedLink": "https://cdn.htmlgames.com/TripleMahjong2/index.html?npa=1",
    "category": "Mahjong"
  },
  {
    "image": "https://www.htmlgames.com/uploaded/game/thumb/ancientmahjong300.jpg",
    "link": "https://www.htmlgames.com/game/Ancient+Mahjong",
    "name": "Ancient Mahjong",
    "embedLink": "https://cdn.htmlgames.com/AncientMahjong/index.html?npa=1",
    "category": "Mahjong"
  },
  {
    "image": "https://www.htmlgames.com/uploaded/game/thumb/slidon300200.jpg",
    "link": "https://www.htmlgames.com/game/Slidon",
    "name": "Slidon",
    "embedLink": "https://cdn.htmlgames.com/Slidon/index.html?npa=1",
    "category": "Mahjong"
  },
  {
    "image": "https://www.htmlgames.com/uploaded/game/thumb/xjong300200.jpg",
    "link": "https://www.htmlgames.com/game/X-Jong",
    "name": "X-Jong",
    "embedLink": "https://cdn.htmlgames.com/X-Jong/index.html?npa=1",
    "category": "Mahjong"
  },
  {
    "image": "https://www.htmlgames.com/uploaded/game/thumb/spaceconnect300200.jpg",
    "link": "https://www.htmlgames.com/game/Space+Connect",
    "name": "Space Connect",
    "embedLink": "https://cdn.htmlgames.com/SpaceConnect/index.html?npa=1",
    "category": "Mahjong"
  },
  {
    "image": "https://www.htmlgames.com/uploaded/game/thumb/animalsconnect3300200.jpg",
    "link": "https://www.htmlgames.com/game/Animals+Connect+3",
    "name": "Animals Connect 3",
    "embedLink": "https://cdn.htmlgames.com/AnimalsConnect3/index.html?npa=1",
    "category": "Mahjong"
  },
  {
    "image": "https://www.htmlgames.com/uploaded/game/thumb/fruitflipmahjong300200.jpg",
    "link": "https://www.htmlgames.com/game/Fruit+Flip+Mahjongg",
    "name": "Fruit Flip Mahjongg",
    "embedLink": "https://cdn.htmlgames.com/FruitFlipMahjongg/index.html?npa=1",
    "category": "Mahjong"
  },
  {
    "image": "https://www.htmlgames.com/uploaded/game/thumb/discoveregypt300200.jpg",
    "link": "https://www.htmlgames.com/game/Discover+Egypt",
    "name": "Discover Egypt",
    "embedLink": "https://cdn.htmlgames.com/DiscoverEgypt/index.html?npa=1",
    "category": "Mahjong"
  },
  {
    "image": "https://www.htmlgames.com/uploaded/game/thumb/pandamahjong300200.jpg",
    "link": "https://www.htmlgames.com/game/Panda+Mahjong",
    "name": "Panda Mahjong",
    "embedLink": "https://cdn.htmlgames.com/PandaMahjong/index.html?npa=1",
    "category": "Mahjong"
  },
  {
    "image": "https://www.htmlgames.com/uploaded/game/thumb/mahjongforchristmas300200.jpg",
    "link": "https://www.htmlgames.com/game/Mahjong+for+Christmas",
    "name": "Mahjong for Christmas",
    "embedLink": "https://cdn.htmlgames.com/MahjongForChristmas/index.html?npa=1",
    "category": "Mahjong"
  },
  {
    "image": "https://www.htmlgames.com/uploaded/game/thumb/frozenmahjong300200.jpg",
    "link": "https://www.htmlgames.com/game/Frozen+Mahjong",
    "name": "Frozen Mahjong",
    "embedLink": "https://cdn.htmlgames.com/FrozenMahjong/index.html?npa=1",
    "category": "Mahjong"
  },
  {
    "image": "https://www.htmlgames.com/uploaded/game/thumb/mahjonggvalentine300200.jpg",
    "link": "https://www.htmlgames.com/game/Mahjongg+Valentine",
    "name": "Mahjongg Valentine",
    "embedLink": "https://cdn.htmlgames.com/MahjonggValentine/index.html?npa=1",
    "category": "Mahjong"
  },
  {
    "image": "https://www.htmlgames.com/uploaded/game/thumb/flowermahjongconnect300200.jpg",
    "link": "https://www.htmlgames.com/game/Flower+Mahjong+Connect",
    "name": "Flower Mahjong Connect",
    "embedLink": "https://cdn.htmlgames.com/FlowerMahjongConnect/index.html?npa=1",
    "category": "Mahjong"
  },
  {
    "image": "https://www.htmlgames.com/uploaded/game/thumb/runemahjongg300200.jpg",
    "link": "https://www.htmlgames.com/game/Rune+Mahjongg",
    "name": "Rune Mahjongg",
    "embedLink": "https://cdn.htmlgames.com/RuneMahjongg/index.html?npa=1",
    "category": "Mahjong"
  },
  {
    "image": "https://www.htmlgames.com/uploaded/game/thumb/playgroundmahjong300200.jpg",
    "link": "https://www.htmlgames.com/game/Playground+Mahjong",
    "name": "Playground Mahjong",
    "embedLink": "https://cdn.htmlgames.com/PlaygroundMahjong/index.html?npa=1",
    "category": "Mahjong"
  },
  {
    "image": "https://www.htmlgames.com/uploaded/game/thumb/hexjongcats300200.jpg",
    "link": "https://www.htmlgames.com/game/Hexjong+Cats",
    "name": "Hexjong Cats",
    "embedLink": "https://cdn.htmlgames.com/HexJongCats/index.html?npa=1",
    "category": "Mahjong"
  },
  {
    "image": "https://www.htmlgames.com/uploaded/game/thumb/chinatemplemahjong300200.jpg",
    "link": "https://www.htmlgames.com/game/China+Temple+Mahjong",
    "name": "China Temple Mahjong",
    "embedLink": "https://cdn.htmlgames.com/ChinaTempleMahjong/index.html?npa=1",
    "category": "Mahjong"
  },
  {
    "image": "https://www.htmlgames.com/uploaded/game/thumb/mahjonggjourney300.jpg",
    "link": "https://www.htmlgames.com/game/Mahjongg+Journey",
    "name": "Mahjongg Journey",
    "embedLink": "https://cdn.htmlgames.com/MahjonggJourney/index.html?npa=1",
    "category": "Mahjong"
  },
  {
    "image": "https://www.htmlgames.com/uploaded/game/thumb/letterdimensions300200.jpg",
    "link": "https://www.htmlgames.com/game/Letter+Dimensions",
    "name": "Letter Dimensions",
    "embedLink": "https://cdn.htmlgames.com/LetterDimensions/index.html?npa=1",
    "category": "Mahjong"
  },
  {
    "image": "https://www.htmlgames.com/uploaded/game/thumb/eastermahjong300200.jpg",
    "link": "https://www.htmlgames.com/game/Easter+Mahjongg",
    "name": "Easter Mahjongg",
    "embedLink": "https://cdn.htmlgames.com/EasterMahjongg/index.html?npa=1",
    "category": "Mahjong"
  },
  {
    "image": "https://www.htmlgames.com/uploaded/game/thumb/caribbeanslide300200.jpg",
    "link": "https://www.htmlgames.com/game/Caribbean+Slide",
    "name": "Caribbean Slide",
    "embedLink": "https://cdn.htmlgames.com/CaribbeanSlide/index.html?npa=1",
    "category": "Mahjong"
  },
  {
    "image": "https://www.htmlgames.com/uploaded/game/thumb/monochromemahjongg300200.jpg",
    "link": "https://www.htmlgames.com/game/Monochrome+Mahjongg",
    "name": "Monochrome Mahjongg",
    "embedLink": "https://cdn.htmlgames.com/MonochromeMahjongg/index.html?npa=1",
    "category": "Mahjong"
  },
  {
    "image": "https://www.htmlgames.com/uploaded/game/thumb/jungleconnect300200.jpg",
    "link": "https://www.htmlgames.com/game/Jungle+Connect",
    "name": "Jungle Connect",
    "embedLink": "https://cdn.htmlgames.com/JungleConnect/index.html?npa=1",
    "category": "Mahjong"
  },
  {
    "image": "https://www.htmlgames.com/uploaded/game/thumb/animalsconnect2300200.jpg",
    "link": "https://www.htmlgames.com/game/Animals+Connect+2",
    "name": "Animals Connect 2",
    "embedLink": "https://cdn.htmlgames.com/AnimalsConnect2/index.html?npa=1",
    "category": "Mahjong"
  },
  {
    "image": "https://www.htmlgames.com/uploaded/game/thumb/celticmahjong300200.jpg",
    "link": "https://www.htmlgames.com/game/Celtic+Mahjong",
    "name": "Celtic Mahjong",
    "embedLink": "https://cdn.htmlgames.com/CelticMahjong/index.html?npa=1",
    "category": "Mahjong"
  },
  {
    "image": "https://www.htmlgames.com/uploaded/game/thumb/classicmahjongg300200.jpg",
    "link": "https://www.htmlgames.com/game/Classic+Mahjongg",
    "name": "Classic Mahjongg",
    "embedLink": "https://cdn.htmlgames.com/ClassicMahjongg/index.html?npa=1",
    "category": "Mahjong"
  },
  {
    "image": "https://www.htmlgames.com/uploaded/game/thumb/neonjong3d300200.jpg",
    "link": "https://www.htmlgames.com/game/NeonJong+3D",
    "name": "NeonJong 3D",
    "embedLink": "https://cdn.htmlgames.com/NeonJong3D/index.html?npa=1",
    "category": "Mahjong"
  },
  {
    "image": "https://www.htmlgames.com/uploaded/game/thumb/bugconnect300200.jpg",
    "link": "https://www.htmlgames.com/game/Bug+Connect",
    "name": "Bug Connect",
    "embedLink": "https://cdn.htmlgames.com/BugConnect/index.html?npa=1",
    "category": "Mahjong"
  },
  {
    "image": "https://www.htmlgames.com/uploaded/game/thumb/deepseatrijong300200.jpg",
    "link": "https://www.htmlgames.com/game/Deep+Sea+Trijong",
    "name": "Deep Sea Trijong",
    "embedLink": "https://cdn.htmlgames.com/DeepSeaTrijong/index.html?npa=1",
    "category": "Mahjong"
  },
  {
    "image": "https://www.htmlgames.com/uploaded/game/thumb/lettermahjong300.jpg",
    "link": "https://www.htmlgames.com/game/Letter+Mahjong",
    "name": "Letter Mahjong",
    "embedLink": "https://cdn.htmlgames.com/LetterMahjong/index.html?npa=1",
    "category": "Mahjong"
  },
  {
    "image": "https://www.htmlgames.com/uploaded/game/thumb/castlemahjong300200.jpg",
    "link": "https://www.htmlgames.com/game/Castle+Mahjong",
    "name": "Castle Mahjong",
    "embedLink": "https://cdn.htmlgames.com/CastleMahjong/index.html?npa=1",
    "category": "Mahjong"
  },
  {
    "image": "https://www.htmlgames.com/uploaded/game/thumb/xmaxconnect300200.jpg",
    "link": "https://www.htmlgames.com/game/Xmas+Connect",
    "name": "Xmas Connect",
    "embedLink": "https://cdn.htmlgames.com/XmasConnect/index.html?npa=1",
    "category": "Mahjong"
  },
  {
    "image": "https://www.htmlgames.com/uploaded/game/thumb/zoobiesconnect300200.jpg",
    "link": "https://www.htmlgames.com/game/Zoobies+Connect",
    "name": "Zoobies Connect",
    "embedLink": "https://cdn.htmlgames.com/ZoobiesConnect/index.html?npa=1",
    "category": "Mahjong"
  },
  {
    "image": "https://www.htmlgames.com/uploaded/game/thumb/chinatowermahjong300.jpg",
    "link": "https://www.htmlgames.com/game/China+Tower+Mahjong",
    "name": "China Tower Mahjong",
    "embedLink": "https://cdn.htmlgames.com/ChinaTowerMahjong/index.html?npa=1",
    "category": "Mahjong"
  },
  {
    "image": "https://www.htmlgames.com/uploaded/game/thumb/goldenautumn300200.jpg",
    "link": "https://www.htmlgames.com/game/Golden+Autumn+Mahjong",
    "name": "Golden Autumn Mahjong",
    "embedLink": "https://cdn.htmlgames.com/GoldenAutumnMahjong/index.html?npa=1",
    "category": "Mahjong"
  },
  {
    "image": "https://www.htmlgames.com/uploaded/game/thumb/fruitmahjong300200.jpg",
    "link": "https://www.htmlgames.com/game/Fruit+Mahjong",
    "name": "Fruit Mahjong",
    "embedLink": "https://cdn.htmlgames.com/FruitMahjong/index.html?npa=1",
    "category": "Mahjong"
  },
  {
    "image": "https://www.htmlgames.com/uploaded/game/thumb/dailymahjongg300.jpg",
    "link": "https://www.htmlgames.com/game/Daily+Mahjongg",
    "name": "Daily Mahjongg",
    "embedLink": "https://cdn.htmlgames.com/DailyMahjongg/index.html?npa=1",
    "category": "Mahjong"
  },
  {
    "image": "https://www.htmlgames.com/uploaded/game/thumb/jollyjong2.5300200.jpg",
    "link": "https://www.htmlgames.com/game/Jolly+Jong+2.5",
    "name": "Jolly Jong 2.5",
    "embedLink": "https://cdn.htmlgames.com/JollyJong2.5/index.html?npa=1",
    "category": "Mahjong"
  },
  {
    "image": "https://www.htmlgames.com/uploaded/game/thumb/sushimahjong300x200.jpg",
    "link": "https://www.htmlgames.com/game/Sushi+Mahjong",
    "name": "Sushi Mahjong",
    "embedLink": "https://cdn.htmlgames.com/SushiMahjong/index.html?npa=1",
    "category": "Mahjong"
  },
  {
    "image": "https://www.htmlgames.com/uploaded/game/thumb/fairytriplemahjong300200.jpg",
    "link": "https://www.htmlgames.com/game/Fairy+Triple+Mahjong",
    "name": "Fairy Triple Mahjong",
    "embedLink": "https://cdn.htmlgames.com/FairyTripleMahjong/index.html?npa=1",
    "category": "Mahjong"
  },
  {
    "image": "https://www.htmlgames.com/uploaded/game/thumb/triplemahjong300.jpg",
    "link": "https://www.htmlgames.com/game/Triple+Mahjong",
    "name": "Triple Mahjong",
    "embedLink": "https://cdn.htmlgames.com/TripleMahjong/index.html?npa=1",
    "category": "Mahjong"
  },
  {
    "image": "https://www.htmlgames.com/uploaded/game/thumb/petmahjong300200.jpg",
    "link": "https://www.htmlgames.com/game/Pet+Mahjongg",
    "name": "Pet Mahjongg",
    "embedLink": "https://cdn.htmlgames.com/PetMahjongg/index.html?npa=1",
    "category": "Mahjong"
  },
  {
    "image": "https://www.htmlgames.com/uploaded/game/thumb/shisen-sho300200.jpg",
    "link": "https://www.htmlgames.com/game/Shisen-Sho",
    "name": "Shisen-Sho",
    "embedLink": "https://cdn.htmlgames.com/Shisen-Sho/index.html?npa=1",
    "category": "Mahjong"
  },
  {
    "image": "https://www.htmlgames.com/uploaded/game/thumb/mahjongcollision300.jpg",
    "link": "https://www.htmlgames.com/game/Mahjong+Collision",
    "name": "Mahjong Collision",
    "embedLink": "https://cdn.htmlgames.com/MahjongCollision/index.html?npa=1",
    "category": "Mahjong"
  },
  {
    "image": "https://www.htmlgames.com/uploaded/game/thumb/seajong300200.jpg",
    "link": "https://www.htmlgames.com/game/SeaJong",
    "name": "SeaJong",
    "embedLink": "https://cdn.htmlgames.com/Seajong/index.html?npa=1",
    "category": "Mahjong"
  },
  {
    "image": "https://www.htmlgames.com/uploaded/game/thumb/grabIt300200.jpg",
    "link": "https://www.htmlgames.com/game/Grab+It",
    "name": "Grab It",
    "embedLink": "https://cdn.htmlgames.com/GrabIt/index.html?npa=1",
    "category": "Mahjong"
  },
  {
    "image": "https://www.htmlgames.com/uploaded/game/thumb/tilesofegypt300200.jpg",
    "link": "https://www.htmlgames.com/game/Tiles+of+Egypt",
    "name": "Tiles of Egypt",
    "embedLink": "https://cdn.htmlgames.com/TilesOfEgypt/index.html?npa=1",
    "category": "Mahjong"
  },
  {
    "image": "https://www.htmlgames.com/uploaded/game/thumb/clearthenumbers300200.jpg",
    "link": "https://www.htmlgames.com/game/Clear+the+Numbers",
    "name": "Clear the Numbers",
    "embedLink": "https://cdn.htmlgames.com/ClearTheNumbers/",
    "category": "Mahjong"
  },
  {
    "image": "https://www.htmlgames.com/uploaded/game/thumb/coffeemahjong300.jpg",
    "link": "https://www.htmlgames.com/game/Coffee+Mahjong",
    "name": "Coffee Mahjong",
    "embedLink": "https://cdn.htmlgames.com/CoffeeMahjong/index.html?npa=1",
    "category": "Mahjong"
  },
  {
    "image": "https://www.htmlgames.com/uploaded/game/thumb/jollyjongjourney300200.jpg",
    "link": "https://www.htmlgames.com/game/Jolly+Jong+Journey",
    "name": "Jolly Jong Journey",
    "embedLink": "https://cdn.htmlgames.com/JollyJongJourney/index.html?npa=1",
    "category": "Mahjong"
  },
  {
    "image": "https://www.htmlgames.com/uploaded/game/thumb/darktimemahjong300.jpg",
    "link": "https://www.htmlgames.com/game/Dark+Time+Mahjong",
    "name": "Dark Time Mahjong",
    "embedLink": "https://cdn.htmlgames.com/DarkTimeMahjong/index.html?npa=1",
    "category": "Mahjong"
  },
  {
    "image": "https://www.htmlgames.com/uploaded/game/thumb/dailymahjong300.jpg",
    "link": "https://www.htmlgames.com/game/Daily+Mahjong",
    "name": "Daily Mahjong",
    "embedLink": "https://cdn.htmlgames.com/DailyMahjong/index.html?npa=1",
    "category": "Mahjong"
  },
  {
    "image": "https://www.htmlgames.com/uploaded/game/thumb/jollyjongblitz2300200.jpg",
    "link": "https://www.htmlgames.com/game/Jolly+Jong+Blitz+2",
    "name": "Jolly Jong Blitz 2",
    "embedLink": "https://cdn.htmlgames.com/JollyJongBlitz2/index.html?npa=1",
    "category": "Mahjong"
  },
  {
    "image": "https://www.htmlgames.com/uploaded/game/thumb/mahjongbirds300.jpg",
    "link": "https://www.htmlgames.com/game/Mahjong+Birds",
    "name": "Mahjong Birds",
    "embedLink": "https://cdn.htmlgames.com/MahjongBirds/index.html?npa=1",
    "category": "Mahjong"
  },
  {
    "image": "https://www.htmlgames.com/uploaded/game/thumb/romanmahjong300.jpg",
    "link": "https://www.htmlgames.com/game/Roman+Mahjong",
    "name": "Roman Mahjong",
    "embedLink": "https://cdn.htmlgames.com/RomanMahjong/index.html?npa=1",
    "category": "Mahjong"
  },
  {
    "image": "https://www.htmlgames.com/uploaded/game/thumb/famouslogomahjong300.jpg",
    "link": "https://www.htmlgames.com/game/Famous+Logo+Mahjong",
    "name": "Famous Logo Mahjong",
    "embedLink": "https://cdn.htmlgames.com/FamousLogoMahjong/index.html?npa=1",
    "category": "Mahjong"
  },
  {
    "image": "https://www.htmlgames.com/uploaded/game/thumb/frozentiles300.jpg",
    "link": "https://www.htmlgames.com/game/Frozen+Tiles",
    "name": "Frozen Tiles",
    "embedLink": "https://cdn.htmlgames.com/FrozenTiles/index.html?npa=1",
    "category": "Mahjong"
  },
  {
    "image": "https://www.htmlgames.com/uploaded/game/thumb/halloweengrabbers300200.jpg",
    "link": "https://www.htmlgames.com/game/Halloween+Grabbers",
    "name": "Halloween Grabbers",
    "embedLink": "https://cdn.htmlgames.com/HalloweenGrabbers/index.html?npa=1",
    "category": "Mahjong"
  },
  {
    "image": "https://www.htmlgames.com/uploaded/game/thumb/emojimahjong300.jpg",
    "link": "https://www.htmlgames.com/game/Emoji+Mahjong",
    "name": "Emoji Mahjong",
    "embedLink": "https://cdn.htmlgames.com/EmojiMahjong/index.html?npa=1",
    "category": "Mahjong"
  },
  {
    "image": "https://www.htmlgames.com/uploaded/game/thumb/animalmahjong300200.jpg",
    "link": "https://www.htmlgames.com/game/Animal+Mahjong",
    "name": "Animal Mahjong",
    "embedLink": "https://cdn.htmlgames.com/AnimalMahjong/index.html?npa=1",
    "category": "Mahjong"
  },
  {
    "image": "https://www.htmlgames.com/uploaded/game/thumb/flowerdimensions300200.jpg",
    "link": "https://www.htmlgames.com/game/Flower+Dimensions",
    "name": "Flower Dimensions",
    "embedLink": "https://cdn.htmlgames.com/FlowerDimensions/index.html?npa=1",
    "category": "Mahjong"
  },
  {
    "image": "https://www.htmlgames.com/uploaded/game/thumb/mahjongcubes300200.jpg",
    "link": "https://www.htmlgames.com/game/Mahjong+Cubes",
    "name": "Mahjong Cubes",
    "embedLink": "https://cdn.htmlgames.com/MahjongCubes/?npa=1",
    "category": "Mahjong"
  },
  {
    "image": "https://www.htmlgames.com/uploaded/game/thumb/japancastlemahjong300200.jpg",
    "link": "https://www.htmlgames.com/game/Japan+Castle+Mahjong",
    "name": "Japan Castle Mahjong",
    "embedLink": "https://cdn.htmlgames.com/JapanCastleMahjong/index.html?npa=1",
    "category": "Mahjong"
  },
  {
    "image": "https://www.htmlgames.com/uploaded/game/thumb/alienslide300.jpg",
    "link": "https://www.htmlgames.com/game/Alien+Slide",
    "name": "Alien Slide",
    "embedLink": "https://cdn.htmlgames.com/AlienSlide/index.html?npa=1",
    "category": "Mahjong"
  },
  {
    "image": "https://www.htmlgames.com/uploaded/game/thumb/safarimahjong300200.jpg",
    "link": "https://www.htmlgames.com/game/Safari+Mahjong",
    "name": "Safari Mahjong",
    "embedLink": "https://cdn.htmlgames.com/SafariMahjong/index.html?npa=1",
    "category": "Mahjong"
  },
  {
    "image": "https://www.htmlgames.com/uploaded/game/thumb/tokiomahjong300200.jpg",
    "link": "https://www.htmlgames.com/game/Tokio+Mahjong",
    "name": "Tokio Mahjong",
    "embedLink": "https://cdn.htmlgames.com/TokioMahjong/index.html?npa=1",
    "category": "Mahjong"
  },
  {
    "image": "https://www.htmlgames.com/uploaded/game/thumb/valentine3dmahjong300200.jpg",
    "link": "https://www.htmlgames.com/game/Valentine+3D+Mahjong",
    "name": "Valentine 3D Mahjong",
    "embedLink": "https://cdn.htmlgames.com/Valentine3DMahjong/index.html?npa=1",
    "category": "Mahjong"
  },
  {
    "image": "https://www.htmlgames.com/uploaded/game/thumb/mahjongconnect1300200.jpg",
    "link": "https://www.htmlgames.com/game/Mah+Jong+Connect+I",
    "name": "Mah Jong Connect I",
    "embedLink": "https://cdn.htmlgames.com/MahJongConnectI/index.html?npa=1",
    "category": "Mahjong"
  },
  {
    "image": "https://www.htmlgames.com/uploaded/game/thumb/hexmahjong300200.jpg",
    "link": "https://www.htmlgames.com/game/Hex+Mahjong",
    "name": "Hex Mahjong",
    "embedLink": "https://cdn.htmlgames.com/HexMahjong/index.html?npa=1",
    "category": "Mahjong"
  },
  {
    "image": "https://www.htmlgames.com/uploaded/game/thumb/mysteriousmahjong300200.jpg",
    "link": "https://www.htmlgames.com/game/Mysterious+Mahjong",
    "name": "Mysterious Mahjong",
    "embedLink": "https://cdn.htmlgames.com/MysteriousMahjong/index.html?npa=1",
    "category": "Mahjong"
  },
  {
    "image": "https://www.htmlgames.com/uploaded/game/thumb/springgrabbers300.jpg",
    "link": "https://www.htmlgames.com/game/Spring+Grabbers",
    "name": "Spring Grabbers",
    "embedLink": "https://cdn.htmlgames.com/SpringGrabbers/index.html?npa=1",
    "category": "Mahjong"
  },
  {
    "image": "https://www.htmlgames.com/uploaded/game/thumb/shapesmahjong300200.jpg",
    "link": "https://www.htmlgames.com/game/Shape+Mahjong",
    "name": "Shape Mahjong",
    "embedLink": "https://cdn.htmlgames.com/ShapeMahjong/index.html?npa=1",
    "category": "Mahjong"
  },
  {
    "image": "https://www.htmlgames.com/uploaded/game/thumb/olko300200.jpg",
    "link": "https://www.htmlgames.com/game/Olko",
    "name": "Olko",
    "embedLink": "https://cdn.htmlgames.com/Olko/index.html?npa=1",
    "category": "Mahjong"
  },
  {
    "image": "https://www.htmlgames.com/uploaded/game/thumb/draculi300200.jpg",
    "link": "https://www.htmlgames.com/game/Draculi",
    "name": "Draculi",
    "embedLink": "https://cdn.htmlgames.com/Draculi/index.html?npa=1",
    "category": "Mahjong"
  },
  {
    "image": "https://www.htmlgames.com/uploaded/game/thumb/chinamahjong300.jpg",
    "link": "https://www.htmlgames.com/game/China+Mahjong",
    "name": "China Mahjong",
    "embedLink": "https://cdn.htmlgames.com/ChinaMahjong/index.html?npa=1",
    "category": "Mahjong"
  },
  {
    "image": "https://www.htmlgames.com/uploaded/game/thumb/mahjongclassic300200.jpg",
    "link": "https://www.htmlgames.com/game/Mahjong+Classic",
    "name": "Mahjong Classic",
    "embedLink": "https://cdn.htmlgames.com/MahjongClassic/index.html?npa=1",
    "category": "Mahjong"
  },
  {
    "image": "https://www.htmlgames.com/uploaded/game/thumb/sportsmahjong300200.jpg",
    "link": "https://www.htmlgames.com/game/Sports+Mahjong",
    "name": "Sports Mahjong",
    "embedLink": "https://cdn.htmlgames.com/SportsMahjong/index.html?npa=1",
    "category": "Mahjong"
  },
  {
    "image": "https://www.htmlgames.com/uploaded/game/thumb/kingsandknights300200.jpg",
    "link": "https://www.htmlgames.com/game/Kings+and+Knights",
    "name": "Kings and Knights",
    "embedLink": "https://cdn.htmlgames.com/KingsAndKnights/index.html?npa=1",
    "category": "Mahjong"
  },
  {
    "image": "https://www.htmlgames.com/uploaded/game/thumb/butterflykyodai300.jpg",
    "link": "https://www.htmlgames.com/game/Butterfly+Kyodai",
    "name": "Butterfly Kyodai",
    "embedLink": "https://cdn.htmlgames.com/ButterflyKyodai/index.html?npa=1",
    "category": "Mahjong"
  },
  {
    "image": "https://www.htmlgames.com/uploaded/game/thumb/beachmahjong300200.jpg",
    "link": "https://www.htmlgames.com/game/Beach+Mahjong",
    "name": "Beach Mahjong",
    "embedLink": "https://cdn.htmlgames.com/BeachMahjong/index.html?npa=1",
    "category": "Mahjong"
  },
  {
    "image": "https://www.htmlgames.com/uploaded/game/thumb/oppositesattract300200.jpg",
    "link": "https://www.htmlgames.com/game/Opposites+Attract",
    "name": "Opposites Attract",
    "embedLink": "https://cdn.htmlgames.com/OppositesAttract/index.html?npa=1",
    "category": "Mahjong"
  },
  {
    "image": "https://www.htmlgames.com/uploaded/game/thumb/africansavannah300200.jpg",
    "link": "https://www.htmlgames.com/game/African+Savannah",
    "name": "African Savannah",
    "embedLink": "https://cdn.htmlgames.com/AfricanSavannah/index.html?npa=1",
    "category": "Mahjong"
  },
  {
    "image": "https://www.htmlgames.com/uploaded/game/thumb/numbermahjong300.jpg",
    "link": "https://www.htmlgames.com/game/Number+Mahjong",
    "name": "Number Mahjong",
    "embedLink": "https://cdn.htmlgames.com/NumberMahjong/index.html?npa=1",
    "category": "Mahjong"
  },
  {
    "image": "https://www.htmlgames.com/uploaded/game/thumb/mahjongtripledimensions300200.jpg",
    "link": "https://www.htmlgames.com/game/Egypt+Mahjong+-+Triple+Dimensions",
    "name": "Egypt Mahjong - Triple Dimensions",
    "embedLink": "https://cdn.htmlgames.com/EgyptMahjongTripleDimensions/index.html?npa=1",
    "category": "Mahjong"
  },
  {
    "image": "https://www.htmlgames.com/uploaded/game/thumb/ancientegyptmahjong300200.jpg",
    "link": "https://www.htmlgames.com/game/Ancient+Egypt+Mahjong",
    "name": "Ancient Egypt Mahjong",
    "embedLink": "https://cdn.htmlgames.com/AncientEgyptMahjong/index.html?npa=1",
    "category": "Mahjong"
  },
  {
    "image": "https://www.htmlgames.com/uploaded/game/thumb/jollyjongconnect300.jpg",
    "link": "https://www.htmlgames.com/game/Jolly+Jong+Connect",
    "name": "Jolly Jong Connect",
    "embedLink": "https://cdn.htmlgames.com/JollyJongConnect/index.html?npa=1",
    "category": "Mahjong"
  },
  {
    "image": "https://www.htmlgames.com/uploaded/game/thumb/cubezoobies300200.jpg",
    "link": "https://www.htmlgames.com/game/Cube+Zoobies",
    "name": "Cube Zoobies",
    "embedLink": "https://cdn.htmlgames.com/CubeZoobies/index.html?npa=1",
    "category": "Mahjong"
  },
  {
    "image": "https://www.htmlgames.com/uploaded/game/thumb/mahjongtiles300200.jpg",
    "link": "https://www.htmlgames.com/game/Mahjong+Tiles",
    "name": "Mahjong Tiles",
    "embedLink": "https://cdn.htmlgames.com/MahjongTiles/index.html?npa=1",
    "category": "Mahjong"
  },
  {
    "image": "https://www.htmlgames.com/uploaded/game/thumb/moonmahjong300200.jpg",
    "link": "https://www.htmlgames.com/game/Moon+Mahjong",
    "name": "Moon Mahjong",
    "embedLink": "https://cdn.htmlgames.com/MoonMahjong/index.html?npa=1",
    "category": "Mahjong"
  },
  {
    "image": "https://www.htmlgames.com/uploaded/game/thumb/dragonsmahjong300200.jpg",
    "link": "https://www.htmlgames.com/game/Dragons+Mahjong",
    "name": "Dragons Mahjong",
    "embedLink": "https://cdn.htmlgames.com/DragonsMahjong/index.html?npa=1",
    "category": "Mahjong"
  },
  {
    "image": "https://www.htmlgames.com/uploaded/game/thumb/transportmahjong300200.jpg",
    "link": "https://www.htmlgames.com/game/Transport+Mahjong",
    "name": "Transport Mahjong",
    "embedLink": "https://cdn.htmlgames.com/TransportMahjong/index.html?npa=1",
    "category": "Mahjong"
  },
  {
    "image": "https://www.htmlgames.com/uploaded/game/thumb/mahjong300200.jpg",
    "link": "https://www.htmlgames.com/game/MahJong",
    "name": "MahJong",
    "embedLink": "https://cdn.htmlgames.com/Mahjong/index.html?npa=1",
    "category": "Mahjong"
  },
  {
    "image": "https://www.htmlgames.com/uploaded/game/thumb/happyconnect300200.jpg",
    "link": "https://www.htmlgames.com/game/Happy+Connect",
    "name": "Happy Connect",
    "embedLink": "https://cdn.htmlgames.com/HappyConnect/index.html?npa=1",
    "category": "Mahjong"
  },
  {
    "image": "https://www.htmlgames.com/uploaded/game/thumb/mahjongsequence300200.jpg",
    "link": "https://www.htmlgames.com/game/Mahjong+Sequence",
    "name": "Mahjong Sequence",
    "embedLink": "https://cdn.htmlgames.com/MahjongSequence/index.html?npa=1",
    "category": "Mahjong"
  },
  {
    "image": "https://www.htmlgames.com/uploaded/game/thumb/discoverancientrome300200.jpg",
    "link": "https://www.htmlgames.com/game/Discover+Ancient+Rome",
    "name": "Discover Ancient Rome",
    "embedLink": "https://cdn.htmlgames.com/DiscoverAncientRome/index.html?npa=1",
    "category": "Mahjong"
  },
  {
    "image": "https://www.htmlgames.com/uploaded/game/thumb/christmastriplemahjong300200.jpg",
    "link": "https://www.htmlgames.com/game/Christmas+Triple+Mahjong",
    "name": "Christmas Triple Mahjong",
    "embedLink": "https://cdn.htmlgames.com/ChristmasTripleMahjong/index.html?npa=1",
    "category": "Mahjong"
  },
  {
    "image": "https://www.htmlgames.com/uploaded/game/thumb/jollyjongcats300200.jpg",
    "link": "https://www.htmlgames.com/game/Jolly+Jong+Cats",
    "name": "Jolly Jong Cats",
    "embedLink": "https://cdn.htmlgames.com/JollyJongCats/index.html?npa=1",
    "category": "Mahjong"
  },
  {
    "image": "https://www.htmlgames.com/uploaded/game/thumb/kidsmahjong300200.jpg",
    "link": "https://www.htmlgames.com/game/Kids+Mahjong",
    "name": "Kids Mahjong",
    "embedLink": "https://cdn.htmlgames.com/KidsMahjong/index.html?npa=1",
    "category": "Mahjong"
  },
  {
    "image": "https://www.htmlgames.com/uploaded/game/thumb/deckofcardsmahjong-300.jpg",
    "link": "https://www.htmlgames.com/game/Deck+of+Cards+Mahjong",
    "name": "Deck of Cards Mahjong",
    "embedLink": "https://cdn.htmlgames.com/DeckOfCardsMahjong/index.html?npa=1",
    "category": "Mahjong"
  },
  {
    "image": "https://www.htmlgames.com/uploaded/game/thumb/mahjongg-300x200.jpg",
    "link": "https://www.htmlgames.com/game/Mahjongg",
    "name": "Mahjongg",
    "embedLink": "https://cdn.htmlgames.com/Mahjongg/index.html?npa=1",
    "category": "Mahjong"
  },
  {
    "image": "https://www.htmlgames.com/uploaded/game/thumb/mahjongg-titans-300.jpg",
    "link": "https://www.htmlgames.com/game/Mahjongg+Titans",
    "name": "Mahjongg Titans",
    "embedLink": "https://cdn.htmlgames.com/MahjonggTitans/index.html?npa=1",
    "category": "Mahjong"
  },
  {
    "image": "https://www.htmlgames.com/uploaded/game/thumb/spacecubes300200.jpg",
    "link": "https://www.htmlgames.com/game/Space+Cubes",
    "name": "Space Cubes",
    "embedLink": "https://cdn.htmlgames.com/SpaceCubes/index.html?npa=1",
    "category": "Mahjong"
  },
  {
    "image": "https://www.htmlgames.com/uploaded/game/thumb/connectfish300200.jpg",
    "link": "https://www.htmlgames.com/game/Connect+Fish",
    "name": "Connect Fish",
    "embedLink": "https://cdn.htmlgames.com/ConnectFish/index.html?npa=1",
    "category": "Mahjong"
  },
  {
    "image": "https://www.htmlgames.com/uploaded/game/thumb/mahjongbattle300.jpg",
    "link": "https://www.htmlgames.com/game/Mahjong+Battle",
    "name": "Mahjong Battle",
    "embedLink": "https://cdn.htmlgames.com/MahjongBattle/index.html?npa=1",
    "category": "Mahjong"
  },
  {
    "image": "https://www.htmlgames.com/uploaded/game/thumb/match3D300.jpg",
    "link": "https://www.htmlgames.com/game/Match+3D",
    "name": "Match 3D",
    "embedLink": "https://cdn.htmlgames.com/Match3D/index.html?npa=1",
    "category": "Mahjong"
  },
  {
    "image": "https://www.htmlgames.com/uploaded/game/thumb/alchemistsymbols300200.jpg",
    "link": "https://www.htmlgames.com/game/Alchemist+Symbols",
    "name": "Alchemist Symbols",
    "embedLink": "https://cdn.htmlgames.com/AlchemistSymbols/index.html?npa=1",
    "category": "Mahjong"
  },
  {
    "image": "https://www.htmlgames.com/uploaded/game/thumb/thelostworld300.jpg",
    "link": "https://www.htmlgames.com/game/The+Lost+World",
    "name": "The Lost World",
    "embedLink": "https://cdn.htmlgames.com/TheLostWorld/?npa=1",
    "category": "Mahjong"
  },
  {
    "image": "https://www.htmlgames.com/uploaded/game/thumb/jollyjongbutterfly300200.jpg",
    "link": "https://www.htmlgames.com/game/Jolly+Jong+Butterfly",
    "name": "Jolly Jong Butterfly",
    "embedLink": "https://cdn.htmlgames.com/JollyJongButterfly/index.html?npa=1",
    "category": "Mahjong"
  },
  {
    "image": "https://www.htmlgames.com/uploaded/game/thumb/mahjongblackandwhite300200.jpg",
    "link": "https://www.htmlgames.com/game/Mahjong+Black+and+White",
    "name": "Mahjong Black and White",
    "embedLink": "https://cdn.htmlgames.com/MahjongBlackAndWhite/index.html?npa=1",
    "category": "Mahjong"
  },
  {
    "image": "https://www.htmlgames.com/uploaded/game/thumb/shanghai-mahjong-300x200.png",
    "link": "https://www.htmlgames.com/game/Shanghai+Mahjong",
    "name": "Shanghai Mahjong",
    "embedLink": "https://cdn.htmlgames.com/ShanghaiMahjong/index.html?npa=1",
    "category": "Mahjong"
  },
  {
    "image": "https://www.htmlgames.com/uploaded/game/thumb/mahjongmix300200.jpg",
    "link": "https://www.htmlgames.com/game/Mahjong+Mix",
    "name": "Mahjong Mix",
    "embedLink": "https://cdn.htmlgames.com/MahjongMix/index.html?npa=1",
    "category": "Mahjong"
  },
  {
    "image": "https://www.htmlgames.com/uploaded/game/thumb/candylandmahjong300.jpg",
    "link": "https://www.htmlgames.com/game/Candyland+Mahjong",
    "name": "Candyland Mahjong",
    "embedLink": "https://cdn.htmlgames.com/CandylandMahjong/index.html?npa=1",
    "category": "Mahjong"
  },
  {
    "image": "https://www.htmlgames.com/uploaded/game/thumb/movingtiles300.jpg",
    "link": "https://www.htmlgames.com/game/Moving+tiles",
    "name": "Moving tiles",
    "embedLink": "https://cdn.htmlgames.com/MovingTiles/index.html?npa=1",
    "category": "Mahjong"
  },
  {
    "image": "https://www.htmlgames.com/uploaded/game/thumb/pileoftilesconnect300.jpg",
    "link": "https://www.htmlgames.com/game/Pile+of+Tiles+Connect",
    "name": "Pile of Tiles Connect",
    "embedLink": "https://cdn.htmlgames.com/PileOfTilesConnect/index.html?npa=1",
    "category": "Mahjong"
  },
  {
    "image": "https://www.htmlgames.com/uploaded/game/thumb/fourseasonsmahjong300200.jpg",
    "link": "https://www.htmlgames.com/game/Four+Seasons+Mahjong",
    "name": "Four Seasons Mahjong",
    "embedLink": "https://cdn.htmlgames.com/FourSeasonsMahjong/index.html?npa=1",
    "category": "Mahjong"
  },
  {
    "image": "https://www.htmlgames.com/uploaded/game/thumb/halloweenconnect300.jpg",
    "link": "https://www.htmlgames.com/game/Halloween+Connect",
    "name": "Halloween Connect",
    "embedLink": "https://cdn.htmlgames.com/HalloweenConnect/index.html?npa=1",
    "category": "Mahjong"
  },
  {
    "image": "https://www.htmlgames.com/uploaded/game/thumb/zodiacmahjong300200.jpg",
    "link": "https://www.htmlgames.com/game/Zodiac+Mahjong",
    "name": "Zodiac Mahjong",
    "embedLink": "https://cdn.htmlgames.com/ZodiacMahjong/index.html?npa=1",
    "category": "Mahjong"
  },
  {
    "image": "https://www.htmlgames.com/uploaded/game/thumb/mahjonggshanghai300200.jpg",
    "link": "https://www.htmlgames.com/game/Mahjongg+Shanghai",
    "name": "Mahjongg Shanghai",
    "embedLink": "https://cdn.htmlgames.com/MahjonggShanghai/index.html?npa=1",
    "category": "Mahjong"
  },
  {
    "image": "https://www.htmlgames.com/uploaded/game/thumb/valentinelink300200.jpg",
    "link": "https://www.htmlgames.com/game/Valentine+Link",
    "name": "Valentine Link",
    "embedLink": "https://cdn.htmlgames.com/ValentineLink/index.html?npa=1",
    "category": "Mahjong"
  },
  {
    "image": "https://www.htmlgames.com/uploaded/game/thumb/travelersquest300200.jpg",
    "link": "https://www.htmlgames.com/game/Travelers+Quest",
    "name": "Travelers Quest",
    "embedLink": "https://cdn.htmlgames.com/TravelersQuest/index.html?npa=1",
    "category": "Mahjong"
  },
  {
    "image": "https://www.htmlgames.com/uploaded/game/thumb/jollyjongblitz300200.jpg",
    "link": "https://www.htmlgames.com/game/Jolly+Jong+Blitz",
    "name": "Jolly Jong Blitz",
    "embedLink": "https://cdn.htmlgames.com/JollyJongBlitz/index.html?npa=1",
    "category": "Mahjong"
  },
  {
    "image": "https://www.htmlgames.com/uploaded/game/thumb/partyjong300200.jpg",
    "link": "https://www.htmlgames.com/game/Party+Jong",
    "name": "Party Jong",
    "embedLink": "https://cdn.htmlgames.com/PartyJong/index.html?npa=1",
    "category": "Mahjong"
  },
  {
    "image": "https://www.htmlgames.com/uploaded/game/thumb/hexconnect300200.jpg",
    "link": "https://www.htmlgames.com/game/Hex+Connect",
    "name": "Hex Connect",
    "embedLink": "https://cdn.htmlgames.com/HexConnect/index.html?npa=1",
    "category": "Mahjong"
  },
  {
    "image": "https://www.htmlgames.com/uploaded/game/thumb/mahjongcollapse300200.jpg",
    "link": "https://www.htmlgames.com/game/Mahjong+Collapse",
    "name": "Mahjong Collapse",
    "embedLink": "https://cdn.htmlgames.com/MahjongCollapse/index.html?npa=1",
    "category": "Mahjong"
  },
  {
    "image": "https://www.htmlgames.com/uploaded/game/thumb/mahjongbutterflygarden300200.jpg",
    "link": "https://www.htmlgames.com/game/Mahjong+-+Butterfly+Garden",
    "name": "Mahjong - Butterfly Garden",
    "embedLink": "https://cdn.htmlgames.com/MahjongButterflyGarden/index.html?npa=1",
    "category": "Mahjong"
  },
  {
    "image": "https://www.htmlgames.com/uploaded/game/thumb/jollyjongdogs300200.jpg",
    "link": "https://www.htmlgames.com/game/Jolly+Jong+Dogs",
    "name": "Jolly Jong Dogs",
    "embedLink": "https://cdn.htmlgames.com/JollyJongDogs/index.html?npa=1",
    "category": "Mahjong"
  },
  {
    "image": "https://www.htmlgames.com/uploaded/game/thumb/bugskyodai300200.jpg",
    "link": "https://www.htmlgames.com/game/Bugs+Kyodai",
    "name": "Bugs Kyodai",
    "embedLink": "https://cdn.htmlgames.com/BugsKyodai/index.html?npa=1",
    "category": "Mahjong"
  },
  {
    "image": "https://www.htmlgames.com/uploaded/game/thumb/crystalhexajong300200.jpg",
    "link": "https://www.htmlgames.com/game/Crystal+Hexajong",
    "name": "Crystal Hexajong",
    "embedLink": "https://cdn.htmlgames.com/CrystalHexajong/index.html?npa=1",
    "category": "Mahjong"
  },
  {
    "image": "https://www.htmlgames.com/uploaded/game/thumb/farmflipmahjong300200.jpg",
    "link": "https://www.htmlgames.com/game/Farm+Flip+Mahjongg",
    "name": "Farm Flip Mahjongg",
    "embedLink": "https://cdn.htmlgames.com/FarmFlipMahjongg/index.html?npa=1",
    "category": "Mahjong"
  },
  {
    "image": "https://www.htmlgames.com/uploaded/game/thumb/mahjongblackwhite2untimed300200.jpg",
    "link": "https://www.htmlgames.com/game/Mahjong+Black+White+2+Untimed",
    "name": "Mahjong Black White 2 Untimed",
    "embedLink": "https://cdn.htmlgames.com/MahjongBlackWhite2Untimed/index.html?npa=1",
    "category": "Mahjong"
  }
]