[
  {
    "image": "https://www.htmlgames.com/uploaded/game/thumb/space-blast-300200.jpg",
    "link": "https://www.htmlgames.com/game/Space+Blast",
    "name": "Space Blast",
    "embedLink": "https://cdn.htmlgames.com/SpaceBlast/index.html?npa=1",
    "category": "Match3"
  },
  {
    "image": "https://www.htmlgames.com/uploaded/game/thumb/candyhouse300200.jpg",
    "link": "https://www.htmlgames.com/game/Candy+House",
    "name": "Candy House",
    "embedLink": "https://cdn.htmlgames.com/CandyHouse/index.html?npa=1",
    "category": "Match3"
  },
  {
    "image": "https://www.htmlgames.com/uploaded/game/thumb/christmasbubbles300200.jpg",
    "link": "https://www.htmlgames.com/game/Christmas+Bubbles",
    "name": "Christmas Bubbles",
    "embedLink": "https://cdn.htmlgames.com/ChristmasBubbles/index.html?npa=1",
    "category": "Match3"
  },
  {
    "image": "https://www.htmlgames.com/uploaded/game/thumb/bubblemonster300200.jpg",
    "link": "https://www.htmlgames.com/game/Bubble+Monster",
    "name": "Bubble Monster",
    "embedLink": "https://cdn.htmlgames.com/BubbleMonster/index.html?npa=1",
    "category": "Match3"
  },
  {
    "image": "https://www.htmlgames.com/uploaded/game/thumb/snowqueen2300200.jpg",
    "link": "https://www.htmlgames.com/game/Snow+Queen+2",
    "name": "Snow Queen 2",
    "embedLink": "https://cdn.htmlgames.com/SnowQueen2/index.html?npa=1",
    "category": "Match3"
  },
  {
    "image": "https://www.htmlgames.com/uploaded/game/thumb/wizardjewels300200.jpg",
    "link": "https://www.htmlgames.com/game/Wizard+Jewels",
    "name": "Wizard Jewels",
    "embedLink": "https://cdn.htmlgames.com/WizardJewels/index.html?npa=1",
    "category": "Match3"
  },
  {
    "image": "https://www.htmlgames.com/uploaded/game/thumb/plushyanimals300200.jpg",
    "link": "https://www.htmlgames.com/game/Plushy+Animals",
    "name": "Plushy Animals",
    "embedLink": "https://cdn.htmlgames.com/PlushyAnimals/index.html?npa=1",
    "category": "Match3"
  },
  {
    "image": "https://www.htmlgames.com/uploaded/game/thumb/easterzuma300200.jpg",
    "link": "https://www.htmlgames.com/game/Easter+Zuma",
    "name": "Easter Zuma",
    "embedLink": "https://cdn.htmlgames.com/EasterZuma/index.html?npa=1",
    "category": "Match3"
  },
  {
    "image": "https://www.htmlgames.com/uploaded/game/thumb/zoobiesmatch300200.jpg",
    "link": "https://www.htmlgames.com/game/Zoobies+Match",
    "name": "Zoobies Match",
    "embedLink": "https://cdn.htmlgames.com/ZoobiesMatch/index.html?npa=1",
    "category": "Match3"
  },
  {
    "image": "https://www.htmlgames.com/uploaded/game/thumb/emojimatch300200.jpg",
    "link": "https://www.htmlgames.com/game/Emoji+Match",
    "name": "Emoji Match",
    "embedLink": "https://cdn.htmlgames.com/EmojiMatch/index.html?npa=1",
    "category": "Match3"
  },
  {
    "image": "https://www.htmlgames.com/uploaded/game/thumb/mysteriouspiratejewels300200.jpg",
    "link": "https://www.htmlgames.com/game/Mysterious+Pirate+Jewels",
    "name": "Mysterious Pirate Jewels",
    "embedLink": "https://cdn.htmlgames.com/MysteriousPirateJewels/index.html?npa=1",
    "category": "Match3"
  },
  {
    "image": "https://www.htmlgames.com/uploaded/game/thumb/winterbubble300200.jpg",
    "link": "https://www.htmlgames.com/game/Winter+Bubble",
    "name": "Winter Bubble",
    "embedLink": "https://cdn.htmlgames.com/WinterBubble/index.html?npa=1",
    "category": "Match3"
  },
  {
    "image": "https://www.htmlgames.com/uploaded/game/thumb/candymatch300200.jpg",
    "link": "https://www.htmlgames.com/game/Candy+Match",
    "name": "Candy Match",
    "embedLink": "https://cdn.htmlgames.com/CandyMatch/index.html?npa=1",
    "category": "Match3"
  },
  {
    "image": "https://www.htmlgames.com/uploaded/game/thumb/jittles300.jpg",
    "link": "https://www.htmlgames.com/game/Jittles",
    "name": "Jittles",
    "embedLink": "https://cdn.htmlgames.com/Jittles/index.html?npa=1",
    "category": "Match3"
  },
  {
    "image": "https://www.htmlgames.com/uploaded/game/thumb/chocolatematch300200.jpg",
    "link": "https://www.htmlgames.com/game/Chocolate+Match",
    "name": "Chocolate Match",
    "embedLink": "https://cdn.htmlgames.com/ChocolateMatch/index.html?npa=1",
    "category": "Match3"
  },
  {
    "image": "https://www.htmlgames.com/uploaded/game/thumb/bubblewheel300200.jpg",
    "link": "https://www.htmlgames.com/game/Bubble+Wheel",
    "name": "Bubble Wheel",
    "embedLink": "https://cdn.htmlgames.com/BubbleWheel/index.html?npa=1",
    "category": "Match3"
  },
  {
    "image": "https://www.htmlgames.com/uploaded/game/thumb/scarybubbles300200.jpg",
    "link": "https://www.htmlgames.com/game/Scary+Bubbles",
    "name": "Scary Bubbles",
    "embedLink": "https://cdn.htmlgames.com/ScaryBubbles/index.html?npa=1",
    "category": "Match3"
  },
  {
    "image": "https://www.htmlgames.com/uploaded/game/thumb/forestbubbles300200.jpg",
    "link": "https://www.htmlgames.com/game/Forest+Bubbles",
    "name": "Forest Bubbles",
    "embedLink": "https://cdn.htmlgames.com/ForestBubbles/index.html?npa=1",
    "category": "Match3"
  },
  {
    "image": "https://www.htmlgames.com/uploaded/game/thumb/thetravelpuzzle300200.jpg",
    "link": "https://www.htmlgames.com/game/The+Travel+Puzzle",
    "name": "The Travel Puzzle",
    "embedLink": "https://cdn.htmlgames.com/TheTravelPuzzle/index.html?npa=1",
    "category": "Match3"
  },
  {
    "image": "https://www.htmlgames.com/uploaded/game/thumb/rescuethediver2300.jpg",
    "link": "https://www.htmlgames.com/game/Rescue+the+Divers+2",
    "name": "Rescue the Divers 2",
    "embedLink": "https://cdn.htmlgames.com/RescueTheDivers2/index.html?npa=1",
    "category": "Match3"
  },
  {
    "image": "https://www.htmlgames.com/uploaded/game/thumb/4seasonsbubbles300200.jpg",
    "link": "https://www.htmlgames.com/game/4+Seasons+Bubbles",
    "name": "4 Seasons Bubbles",
    "embedLink": "https://cdn.htmlgames.com/4SeasonsBubbles/index.html?npa=1",
    "category": "Match3"
  },
  {
    "image": "https://www.htmlgames.com/uploaded/game/thumb/sweetcandy300.jpg",
    "link": "https://www.htmlgames.com/game/Sweet+Candy",
    "name": "Sweet Candy",
    "embedLink": "https://cdn.htmlgames.com/SweetCandy/index.html?npa=1",
    "category": "Match3"
  },
  {
    "image": "https://www.htmlgames.com/uploaded/game/thumb/snowqueen5300200.jpg",
    "link": "https://www.htmlgames.com/game/Snow+Queen+5",
    "name": "Snow Queen 5",
    "embedLink": "https://cdn.htmlgames.com/SnowQueen5/index.html?npa=1",
    "category": "Match3"
  },
  {
    "image": "https://www.htmlgames.com/uploaded/game/thumb/snowqueen3300200.jpg",
    "link": "https://www.htmlgames.com/game/Snow+Queen+3",
    "name": "Snow Queen 3",
    "embedLink": "https://cdn.htmlgames.com/SnowQueen3/index.html?npa=1",
    "category": "Match3"
  },
  {
    "image": "https://www.htmlgames.com/uploaded/game/thumb/crystalfairy300.jpg",
    "link": "https://www.htmlgames.com/game/Crystal+Fairy",
    "name": "Crystal Fairy",
    "embedLink": "https://cdn.htmlgames.com/CrystalFairy/index.html?npa=1",
    "category": "Match3"
  },
  {
    "image": "https://www.htmlgames.com/uploaded/game/thumb/mayabubbles300200.jpg",
    "link": "https://www.htmlgames.com/game/Maya+Bubbles",
    "name": "Maya Bubbles",
    "embedLink": "https://cdn.htmlgames.com/MayaBubbles/index.html?npa=1",
    "category": "Match3"
  },
  {
    "image": "https://www.htmlgames.com/uploaded/game/thumb/lostislandlevelpack300200.jpg",
    "link": "https://www.htmlgames.com/game/Lost+Island+Level+Pack",
    "name": "Lost Island Level Pack",
    "embedLink": "https://cdn.htmlgames.com/LostIslandLevelPack/index.html?npa=1",
    "category": "Match3"
  },
  {
    "image": "https://www.htmlgames.com/uploaded/game/thumb/houseofpotion300200.jpg",
    "link": "https://www.htmlgames.com/game/House+of+Potions",
    "name": "House of Potions",
    "embedLink": "https://cdn.htmlgames.com/HouseOfPotions/index.html?npa=1",
    "category": "Match3"
  },
  {
    "image": "https://www.htmlgames.com/uploaded/game/thumb/neonbubble300200.jpg",
    "link": "https://www.htmlgames.com/game/Neon+Bubble",
    "name": "Neon Bubble",
    "embedLink": "https://cdn.htmlgames.com/NeonBubble/index.html?npa=1",
    "category": "Match3"
  },
  {
    "image": "https://www.htmlgames.com/uploaded/game/thumb/jellytrip300200.jpg",
    "link": "https://www.htmlgames.com/game/Jelly+Trip",
    "name": "Jelly Trip",
    "embedLink": "https://cdn.htmlgames.com/JellyTrip/index.html?npa=1",
    "category": "Match3"
  },
  {
    "image": "https://www.htmlgames.com/uploaded/game/thumb/balloonPop300200.jpg",
    "link": "https://www.htmlgames.com/game/Balloon+Pop",
    "name": "Balloon Pop",
    "embedLink": "https://cdn.htmlgames.com/BalloonPop/index.html?npa=1",
    "category": "Match3"
  },
  {
    "image": "https://www.htmlgames.com/uploaded/game/thumb/snowqueen300.jpg",
    "link": "https://www.htmlgames.com/game/Snow+Queen",
    "name": "Snow Queen",
    "embedLink": "https://cdn.htmlgames.com/SnowQueen/index.html?npa=1",
    "category": "Match3"
  },
  {
    "image": "https://www.htmlgames.com/uploaded/game/thumb/ghostbubbles300200.jpg",
    "link": "https://www.htmlgames.com/game/Ghost+Bubbles",
    "name": "Ghost Bubbles",
    "embedLink": "https://cdn.htmlgames.com/GhostBubbles/index.html?npa=1",
    "category": "Match3"
  },
  {
    "image": "https://www.htmlgames.com/uploaded/game/thumb/frozenbubble300200.jpg",
    "link": "https://www.htmlgames.com/game/Frozen+Bubble",
    "name": "Frozen Bubble",
    "embedLink": "https://cdn.htmlgames.com/FrozenBubble/index.html?npa=1",
    "category": "Match3"
  },
  {
    "image": "https://www.htmlgames.com/uploaded/game/thumb/gems300200.jpg",
    "link": "https://www.htmlgames.com/game/Gems",
    "name": "Gems",
    "embedLink": "https://cdn.htmlgames.com/Gems/index.html?npa=1",
    "category": "Match3"
  },
  {
    "image": "https://www.htmlgames.com/uploaded/game/thumb/bubbleshooter300200.jpg",
    "link": "https://www.htmlgames.com/game/Bubble+Shooter",
    "name": "Bubble Shooter",
    "embedLink": "https://cdn.htmlgames.com/BubbleShooter/index.html?npa=1",
    "category": "Match3"
  },
  {
    "image": "https://www.htmlgames.com/uploaded/game/thumb/jewelsofTheprincess300200.jpg",
    "link": "https://www.htmlgames.com/game/Jewels+of+the+Princess",
    "name": "Jewels of the Princess",
    "embedLink": "https://cdn.htmlgames.com/JewelsOfThePrincess/index.html?npa=1",
    "category": "Match3"
  },
  {
    "image": "https://www.htmlgames.com/uploaded/game/thumb/happychristmas300200.jpg",
    "link": "https://www.htmlgames.com/game/Happy+Christmas",
    "name": "Happy Christmas",
    "embedLink": "https://cdn.htmlgames.com/HappyChristmas/index.html?npa=1",
    "category": "Match3"
  },
  {
    "image": "https://www.htmlgames.com/uploaded/game/thumb/penguincubes300200.jpg",
    "link": "https://www.htmlgames.com/game/Penguin+Cubes",
    "name": "Penguin Cubes",
    "embedLink": "https://cdn.htmlgames.com/PenguinCubes/index.html?npa=1",
    "category": "Match3"
  },
  {
    "image": "https://www.htmlgames.com/uploaded/game/thumb/mysteriouspiratejewels2300200.jpg",
    "link": "https://www.htmlgames.com/game/Mysterious+Pirate+Jewels+2",
    "name": "Mysterious Pirate Jewels 2",
    "embedLink": "https://cdn.htmlgames.com/MysteriousPirateJewels2/index.html?npa=1",
    "category": "Match3"
  },
  {
    "image": "https://www.htmlgames.com/uploaded/game/thumb/treasuresofatlantis300200.jpg",
    "link": "https://www.htmlgames.com/game/Treasures+of+Atlantis",
    "name": "Treasures of Atlantis",
    "embedLink": "https://cdn.htmlgames.com/TreasuresOfAtlantis/index.html?npa=1",
    "category": "Match3"
  },
  {
    "image": "https://www.htmlgames.com/uploaded/game/thumb/deepseajewels300200.jpg",
    "link": "https://www.htmlgames.com/game/Deep+Sea+Jewels",
    "name": "Deep Sea Jewels",
    "embedLink": "https://cdn.htmlgames.com/DeepSeaJewels/index.html?npa=1",
    "category": "Match3"
  },
  {
    "image": "https://www.htmlgames.com/uploaded/game/thumb/kingsgold300200.jpg",
    "link": "https://www.htmlgames.com/game/Kings+Gold",
    "name": "Kings Gold",
    "embedLink": "https://cdn.htmlgames.com/KingsGold/index.html?npa=1",
    "category": "Match3"
  },
  {
    "image": "https://www.htmlgames.com/uploaded/game/thumb/snowqueen4300200.jpg",
    "link": "https://www.htmlgames.com/game/Snow+Queen+4",
    "name": "Snow Queen 4",
    "embedLink": "https://cdn.htmlgames.com/SnowQueen4/index.html?npa=1",
    "category": "Match3"
  },
  {
    "image": "https://www.htmlgames.com/uploaded/game/thumb/egyptianmarbles300200.jpg",
    "link": "https://www.htmlgames.com/game/Egyptian+Marbles",
    "name": "Egyptian Marbles",
    "embedLink": "https://cdn.htmlgames.com/EgyptianMarbles/index.html?npa=1",
    "category": "Match3"
  },
  {
    "image": "https://www.htmlgames.com/uploaded/game/thumb/butterflymatch3300200.jpg",
    "link": "https://www.htmlgames.com/game/Butterfly+Match+3",
    "name": "Butterfly Match 3",
    "embedLink": "https://cdn.htmlgames.com/ButterflyMatch3/index.html?npa=1",
    "category": "Match3"
  },
  {
    "image": "https://www.htmlgames.com/uploaded/game/thumb/rescuethedivers300200.jpg",
    "link": "https://www.htmlgames.com/game/Rescue+the+Divers",
    "name": "Rescue the Divers",
    "embedLink": "https://cdn.htmlgames.com/RescueTheDivers/index.html?npa=1",
    "category": "Match3"
  },
  {
    "image": "https://www.htmlgames.com/uploaded/game/thumb/candybubble300200.jpg",
    "link": "https://www.htmlgames.com/game/Candy+Bubble",
    "name": "Candy Bubble",
    "embedLink": "https://cdn.htmlgames.com/CandyBubble/index.html?npa=1",
    "category": "Match3"
  },
  {
    "image": "https://www.htmlgames.com/uploaded/game/thumb/bubblezoobies300200.jpg",
    "link": "https://www.htmlgames.com/game/Bubble+Zoobies",
    "name": "Bubble Zoobies",
    "embedLink": "https://cdn.htmlgames.com/BubbleZoobies/index.html?npa=1",
    "category": "Match3"
  },
  {
    "image": "https://www.htmlgames.com/uploaded/game/thumb/flowerworld300200.jpg",
    "link": "https://www.htmlgames.com/game/Flower+World",
    "name": "Flower World",
    "embedLink": "https://cdn.htmlgames.com/FlowerWorld/index.html?npa=1",
    "category": "Match3"
  },
  {
    "image": "https://www.htmlgames.com/uploaded/game/thumb/fallingcandy300200.jpg",
    "link": "https://www.htmlgames.com/game/Falling+Candy",
    "name": "Falling Candy",
    "embedLink": "https://cdn.htmlgames.com/FallingCandy/index.html?npa=1",
    "category": "Match3"
  },
  {
    "image": "https://www.htmlgames.com/uploaded/game/thumb/summerparty300.jpg",
    "link": "https://www.htmlgames.com/game/Summer+Party",
    "name": "Summer Party",
    "embedLink": "https://cdn.htmlgames.com/SummerParty/index.html?npa=1",
    "category": "Match3"
  },
  {
    "image": "https://www.htmlgames.com/uploaded/game/thumb/funnyfaces300200.jpg",
    "link": "https://www.htmlgames.com/game/Funny+Faces",
    "name": "Funny Faces",
    "embedLink": "https://cdn.htmlgames.com/FunnyFaces/index.html?npa=1",
    "category": "Match3"
  },
  {
    "image": "https://www.htmlgames.com/uploaded/game/thumb/stonesymbols300.jpg",
    "link": "https://www.htmlgames.com/game/Stone+Symbols",
    "name": "Stone Symbols",
    "embedLink": "https://cdn.htmlgames.com/StoneSymbols/index.html?npa=1",
    "category": "Match3"
  },
  {
    "image": "https://www.htmlgames.com/uploaded/game/thumb/farmstacker300200.jpg",
    "link": "https://www.htmlgames.com/game/Farm+Stacker",
    "name": "Farm Stacker",
    "embedLink": "https://cdn.htmlgames.com/FarmStacker/index.html?npa=1",
    "category": "Match3"
  },
  {
    "image": "https://www.htmlgames.com/uploaded/game/thumb/candyera300200.jpg",
    "link": "https://www.htmlgames.com/game/Candy+Era",
    "name": "Candy Era",
    "embedLink": "https://cdn.htmlgames.com/CandyEra/index.html?npa=1",
    "category": "Match3"
  },
  {
    "image": "https://www.htmlgames.com/uploaded/game/thumb/crushedtiles300200.jpg",
    "link": "https://www.htmlgames.com/game/Crushed+Tiles",
    "name": "Crushed Tiles",
    "embedLink": "https://cdn.htmlgames.com/CrushedTiles/index.html?npa=1",
    "category": "Match3"
  },
  {
    "image": "https://www.htmlgames.com/uploaded/game/thumb/muffinfun300200.jpg",
    "link": "https://www.htmlgames.com/game/Muffin+Fun",
    "name": "Muffin Fun",
    "embedLink": "https://cdn.htmlgames.com/MuffinFun/index.html?npa=1",
    "category": "Match3"
  },
  {
    "image": "https://www.htmlgames.com/uploaded/game/thumb/jewelmatch3300200.jpg",
    "link": "https://www.htmlgames.com/game/Jewel+Match3",
    "name": "Jewel Match3",
    "embedLink": "https://cdn.htmlgames.com/JewelMatch3/",
    "category": "Match3"
  },
  {
    "image": "https://www.htmlgames.com/uploaded/game/thumb/oceanpuzzle300200.jpg",
    "link": "https://www.htmlgames.com/game/Ocean+Puzzle",
    "name": "Ocean Puzzle",
    "embedLink": "https://cdn.htmlgames.com/OceanPuzzle/index.html?npa=1",
    "category": "Match3"
  },
  {
    "image": "https://www.htmlgames.com/uploaded/game/thumb/spacebubbles300200.jpg",
    "link": "https://www.htmlgames.com/game/Space+Bubbles",
    "name": "Space Bubbles",
    "embedLink": "https://cdn.htmlgames.com/SpaceBubbles/?npa=1",
    "category": "Match3"
  },
  {
    "image": "https://www.htmlgames.com/uploaded/game/thumb/runesofmystery300.jpg",
    "link": "https://www.htmlgames.com/game/Runes+of+Mystery",
    "name": "Runes of Mystery",
    "embedLink": "https://cdn.htmlgames.com/RunesOfMystery/index.html?npa=1",
    "category": "Match3"
  },
  {
    "image": "https://www.htmlgames.com/uploaded/game/thumb/lostisland3300200.jpg",
    "link": "https://www.htmlgames.com/game/Lost+Island+3",
    "name": "Lost Island 3",
    "embedLink": "https://cdn.htmlgames.com/LostIsland3/index.html?npa=1",
    "category": "Match3"
  },
  {
    "image": "https://www.htmlgames.com/uploaded/game/thumb/match3rabbits300200.jpg",
    "link": "https://www.htmlgames.com/game/Match+3+Rabbits",
    "name": "Match 3 Rabbits",
    "embedLink": "https://cdn.htmlgames.com/Match3Rabbits/index.html?npa=1",
    "category": "Match3"
  },
  {
    "image": "https://www.htmlgames.com/uploaded/game/thumb/fruitflipmatch3300200.jpg",
    "link": "https://www.htmlgames.com/game/Fruit+Flip+Match+3",
    "name": "Fruit Flip Match 3",
    "embedLink": "https://cdn.htmlgames.com/FruitFlipMatch3/index.html?npa=1",
    "category": "Match3"
  },
  {
    "image": "https://www.htmlgames.com/uploaded/game/thumb/forestbubbleshooter300200.jpg",
    "link": "https://www.htmlgames.com/game/Forest+Bubble+Shooter",
    "name": "Forest Bubble Shooter",
    "embedLink": "https://cdn.htmlgames.com/ForestBubbleShooter/index.html?npa=1",
    "category": "Match3"
  },
  {
    "image": "https://www.htmlgames.com/uploaded/game/thumb/cubecrash300200.jpg",
    "link": "https://www.htmlgames.com/game/Cube+Crash",
    "name": "Cube Crash",
    "embedLink": "https://cdn.htmlgames.com/CubeCrash/index.html?npa=1",
    "category": "Match3"
  },
  {
    "image": "https://www.htmlgames.com/uploaded/game/thumb/jewelmaster300200.jpg",
    "link": "https://www.htmlgames.com/game/Jewel+Master",
    "name": "Jewel Master",
    "embedLink": "https://cdn.htmlgames.com/JewelMaster/index.html?npa=1",
    "category": "Match3"
  },
  {
    "image": "https://www.htmlgames.com/uploaded/game/thumb/beeandbear300200.jpg",
    "link": "https://www.htmlgames.com/game/Bee+and+Bear",
    "name": "Bee and Bear",
    "embedLink": "https://cdn.htmlgames.com/BeeAndBear/index.html?npa=1",
    "category": "Match3"
  },
  {
    "image": "https://www.htmlgames.com/uploaded/game/thumb/zumaball300200.jpg",
    "link": "https://www.htmlgames.com/game/Zuma+Ball",
    "name": "Zuma Ball",
    "embedLink": "https://cdn.htmlgames.com/ZumaBall/index.html?npa=1",
    "category": "Match3"
  },
  {
    "image": "https://www.htmlgames.com/uploaded/game/thumb/forestqueen300200.jpg",
    "link": "https://www.htmlgames.com/game/Forest+Queen",
    "name": "Forest Queen",
    "embedLink": "https://cdn.htmlgames.com/ForestQueen/index.html?npa=1",
    "category": "Match3"
  },
  {
    "image": "https://www.htmlgames.com/uploaded/game/thumb/junglecollapse300200.jpg",
    "link": "https://www.htmlgames.com/game/Jungle+Collapse",
    "name": "Jungle Collapse",
    "embedLink": "https://cdn.htmlgames.com/JungleCollapse/index.html?npa=1",
    "category": "Match3"
  },
  {
    "image": "https://www.htmlgames.com/uploaded/game/thumb/halloweenbubbleshooter300200.jpg",
    "link": "https://www.htmlgames.com/game/Halloween+Bubble+Shooter",
    "name": "Halloween Bubble Shooter",
    "embedLink": "https://cdn.htmlgames.com/HalloweenBubbleShooter/index.html?npa=1",
    "category": "Match3"
  },
  {
    "image": "https://www.htmlgames.com/uploaded/game/thumb/candycrunch300.jpg",
    "link": "https://www.htmlgames.com/game/Candy+Crunch",
    "name": "Candy Crunch",
    "embedLink": "https://cdn.htmlgames.com/CandyCrunch/index.html?npa=1",
    "category": "Match3"
  },
  {
    "image": "https://www.htmlgames.com/uploaded/game/thumb/squirrelbubbleshooter300200.jpg",
    "link": "https://www.htmlgames.com/game/Squirrel+Bubble+Shooter",
    "name": "Squirrel Bubble Shooter",
    "embedLink": "https://cdn.htmlgames.com/SquirrelBubbleShooter/index.html?npa=1",
    "category": "Match3"
  },
  {
    "image": "https://www.htmlgames.com/uploaded/game/thumb/monkeyisland300200.jpg",
    "link": "https://www.htmlgames.com/game/Monkey+Island",
    "name": "Monkey Island",
    "embedLink": "https://cdn.htmlgames.com/MonkeyIsland/index.html?npa=1",
    "category": "Match3"
  },
  {
    "image": "https://www.htmlgames.com/uploaded/game/thumb/zumalegend300200.jpg",
    "link": "https://www.htmlgames.com/game/Zuma+Legend",
    "name": "Zuma Legend",
    "embedLink": "https://cdn.htmlgames.com/ZumaLegend/index.html?npa=1",
    "category": "Match3"
  },
  {
    "image": "https://www.htmlgames.com/uploaded/game/thumb/neon3300200.jpg",
    "link": "https://www.htmlgames.com/game/Neon+3",
    "name": "Neon 3",
    "embedLink": "https://cdn.htmlgames.com/Neon3/index.html?npa=1",
    "category": "Match3"
  },
  {
    "image": "https://www.htmlgames.com/uploaded/game/thumb/thebuilders300200.jpg",
    "link": "https://www.htmlgames.com/game/The+Builders",
    "name": "The Builders",
    "embedLink": "https://cdn.htmlgames.com/TheBuilders/index.html?npa=1",
    "category": "Match3"
  },
  {
    "image": "https://www.htmlgames.com/uploaded/game/thumb/cupidbubble300.jpg",
    "link": "https://www.htmlgames.com/game/Cupid+Bubble",
    "name": "Cupid Bubble",
    "embedLink": "https://cdn.htmlgames.com/CupidBubble/index.html?npa=1",
    "category": "Match3"
  },
  {
    "image": "https://www.htmlgames.com/uploaded/game/thumb/bubblespinner300200.jpg",
    "link": "https://www.htmlgames.com/game/Bubble+Spinner",
    "name": "Bubble Spinner",
    "embedLink": "https://cdn.htmlgames.com/BubbleSpinner/index.html?npa=1",
    "category": "Match3"
  },
  {
    "image": "https://www.htmlgames.com/uploaded/game/thumb/happyfarm300200.jpg",
    "link": "https://www.htmlgames.com/game/Happy+Farm",
    "name": "Happy Farm",
    "embedLink": "https://cdn.htmlgames.com/HappyFarm/index.html?npa=1",
    "category": "Match3"
  },
  {
    "image": "https://www.htmlgames.com/uploaded/game/thumb/happyzoobies300200.jpg",
    "link": "https://www.htmlgames.com/game/Happy+Zoobies",
    "name": "Happy Zoobies",
    "embedLink": "https://cdn.htmlgames.com/HappyZoobies/index.html?npa=1",
    "category": "Match3"
  },
  {
    "image": "https://www.htmlgames.com/uploaded/game/thumb/apartmentmatch300200.jpg",
    "link": "https://www.htmlgames.com/game/Apartment+Match",
    "name": "Apartment Match",
    "embedLink": "https://cdn.htmlgames.com/ApartmentMatch/index.html?npa=1",
    "category": "Match3"
  },
  {
    "image": "https://www.htmlgames.com/uploaded/game/thumb/mayanmarbles300200.jpg",
    "link": "https://www.htmlgames.com/game/Mayan+Marbles",
    "name": "Mayan Marbles",
    "embedLink": "https://cdn.htmlgames.com/MayanMarbles/index.html?npa=1",
    "category": "Match3"
  },
  {
    "image": "https://www.htmlgames.com/uploaded/game/thumb/strikegold300.jpg",
    "link": "https://www.htmlgames.com/game/Strike+Gold",
    "name": "Strike Gold",
    "embedLink": "https://cdn.htmlgames.com/StrikeGold/index.html?npa=1",
    "category": "Match3"
  },
  {
    "image": "https://www.htmlgames.com/uploaded/game/thumb/circusbubbles300200.jpg",
    "link": "https://www.htmlgames.com/game/Circus+Bubbles",
    "name": "Circus Bubbles",
    "embedLink": "https://cdn.htmlgames.com/CircusBubbles/index.html?npa=1",
    "category": "Match3"
  },
  {
    "image": "https://www.htmlgames.com/uploaded/game/thumb/vegetablesfarm300200.jpg",
    "link": "https://www.htmlgames.com/game/Vegetables+Farm",
    "name": "Vegetables Farm",
    "embedLink": "https://cdn.htmlgames.com/VegetablesFarm/index.html?npa=1",
    "category": "Match3"
  },
  {
    "image": "https://www.htmlgames.com/uploaded/game/thumb/ferriswheel300.jpg",
    "link": "https://www.htmlgames.com/game/Ferris+Wheel",
    "name": "Ferris Wheel",
    "embedLink": "https://cdn.htmlgames.com/FerrisWheel/index.html?npa=1",
    "category": "Match3"
  },
  {
    "image": "https://www.htmlgames.com/uploaded/game/thumb/piratebubbles300200.jpg",
    "link": "https://www.htmlgames.com/game/Pirate+Bubbles",
    "name": "Pirate Bubbles",
    "embedLink": "https://cdn.htmlgames.com/PirateBubbles/index.html?npa=1",
    "category": "Match3"
  },
  {
    "image": "https://www.htmlgames.com/uploaded/game/thumb/zoobieblocks300200.jpg",
    "link": "https://www.htmlgames.com/game/Zoobie+Blocks",
    "name": "Zoobie Blocks",
    "embedLink": "https://cdn.htmlgames.com/ZoobieBlocks/index.html?npa=1",
    "category": "Match3"
  },
  {
    "image": "https://www.htmlgames.com/uploaded/game/thumb/worldvoyage300200.jpg",
    "link": "https://www.htmlgames.com/game/World+Voyage",
    "name": "World Voyage",
    "embedLink": "https://cdn.htmlgames.com/WorldVoyage/index.html?npa=1",
    "category": "Match3"
  },
  {
    "image": "https://www.htmlgames.com/uploaded/game/thumb/summerfruit300.jpg",
    "link": "https://www.htmlgames.com/game/Summer+Fruit",
    "name": "Summer Fruit",
    "embedLink": "https://cdn.htmlgames.com/SummerFruit/index.html?npa=1",
    "category": "Match3"
  },
  {
    "image": "https://www.htmlgames.com/uploaded/game/thumb/bottlecapmatch300200.jpg",
    "link": "https://www.htmlgames.com/game/Bottle+Cap+Match",
    "name": "Bottle Cap Match",
    "embedLink": "https://cdn.htmlgames.com/BottlecapMatch/index.html?npa=1",
    "category": "Match3"
  },
  {
    "image": "https://www.htmlgames.com/uploaded/game/thumb/lostisland300200.jpg",
    "link": "https://www.htmlgames.com/game/Lost+Island",
    "name": "Lost Island",
    "embedLink": "https://cdn.htmlgames.com/LostIsland/index.html?npa=1",
    "category": "Match3"
  },
  {
    "image": "https://www.htmlgames.com/uploaded/game/thumb/cubecrash2300200.jpg",
    "link": "https://www.htmlgames.com/game/Cube+Crash+2",
    "name": "Cube Crash 2",
    "embedLink": "https://cdn.htmlgames.com/CubeCrash2/index.html?npa=1",
    "category": "Match3"
  },
  {
    "image": "https://www.htmlgames.com/uploaded/game/thumb/discoveristanbul300200.jpg",
    "link": "https://www.htmlgames.com/game/Discover+Istanbul",
    "name": "Discover Istanbul",
    "embedLink": "https://cdn.htmlgames.com/DiscoverIstanbul/index.html?npa=1",
    "category": "Match3"
  },
  {
    "image": "https://www.htmlgames.com/uploaded/game/thumb/happyflowers300200.jpg",
    "link": "https://www.htmlgames.com/game/Happy+Flowers",
    "name": "Happy Flowers",
    "embedLink": "https://cdn.htmlgames.com/HappyFlowers/index.html?npa=1",
    "category": "Match3"
  },
  {
    "image": "https://www.htmlgames.com/uploaded/game/thumb/oceanbubles300200.jpg",
    "link": "https://www.htmlgames.com/game/Ocean+Bubbles",
    "name": "Ocean Bubbles",
    "embedLink": "https://cdn.htmlgames.com/OceanBubbles/index.html?npa=1",
    "category": "Match3"
  },
  {
    "image": "https://www.htmlgames.com/uploaded/game/thumb/gemstoneisland300200.jpg",
    "link": "https://www.htmlgames.com/game/Gemstone+Island",
    "name": "Gemstone Island",
    "embedLink": "https://cdn.htmlgames.com/GemstoneIsland/index.html?npa=1",
    "category": "Match3"
  },
  {
    "image": "https://www.htmlgames.com/uploaded/game/thumb/cleopatra300200.jpg",
    "link": "https://www.htmlgames.com/game/Cleopatra",
    "name": "Cleopatra",
    "embedLink": "https://cdn.htmlgames.com/Cleopatra/index.html?npa=1",
    "category": "Match3"
  },
  {
    "image": "https://www.htmlgames.com/uploaded/game/thumb/balloonz300200.jpg",
    "link": "https://www.htmlgames.com/game/Balloonz",
    "name": "Balloonz",
    "embedLink": "https://cdn.htmlgames.com/Balloonz/index.html?npa=1",
    "category": "Match3"
  },
  {
    "image": "https://www.htmlgames.com/uploaded/game/thumb/dragonbubble300200.jpg",
    "link": "https://www.htmlgames.com/game/Dragon+Bubble",
    "name": "Dragon Bubble",
    "embedLink": "https://cdn.htmlgames.com/DragonBubble/index.html?npa=1",
    "category": "Match3"
  },
  {
    "image": "https://www.htmlgames.com/uploaded/game/thumb/piratejewelcollapse300200.jpg",
    "link": "https://www.htmlgames.com/game/Pirate+Jewel+Collapse",
    "name": "Pirate Jewel Collapse",
    "embedLink": "https://cdn.htmlgames.com/PirateJewelCollapse/index.html?npa=1",
    "category": "Match3"
  },
  {
    "image": "https://www.htmlgames.com/uploaded/game/thumb/fruityflavour300.jpg",
    "link": "https://www.htmlgames.com/game/Fruity+Flavour",
    "name": "Fruity Flavour",
    "embedLink": "https://cdn.htmlgames.com/FruityFlavour/index.html?npa=1",
    "category": "Match3"
  },
  {
    "image": "https://www.htmlgames.com/uploaded/game/thumb/bubblefruit300200.jpg",
    "link": "https://www.htmlgames.com/game/Bubble+Fruit",
    "name": "Bubble Fruit",
    "embedLink": "https://cdn.htmlgames.com/BubbleFruit/index.html?npa=1",
    "category": "Match3"
  },
  {
    "image": "https://www.htmlgames.com/uploaded/game/thumb/lostcivilizations300200.jpg",
    "link": "https://www.htmlgames.com/game/Lost+Civilizations",
    "name": "Lost Civilizations",
    "embedLink": "https://cdn.htmlgames.com/LostCivilizations/index.html?npa=1",
    "category": "Match3"
  },
  {
    "image": "https://www.htmlgames.com/uploaded/game/thumb/hiddenflowers300200.jpg",
    "link": "https://www.htmlgames.com/game/Hidden+Flowers",
    "name": "Hidden Flowers",
    "embedLink": "https://cdn.htmlgames.com/HiddenFlowers/index.html?npa=1",
    "category": "Match3"
  },
  {
    "image": "https://www.htmlgames.com/uploaded/game/thumb/eggage300.jpg",
    "link": "https://www.htmlgames.com/game/Egg+Age",
    "name": "Egg Age",
    "embedLink": "https://cdn.htmlgames.com/EggAge/index.html?npa=1",
    "category": "Match3"
  },
  {
    "image": "https://www.htmlgames.com/uploaded/game/thumb/totemblast300200.jpg",
    "link": "https://www.htmlgames.com/game/Totem+Blast",
    "name": "Totem Blast",
    "embedLink": "https://cdn.htmlgames.com/TotemBlast/index.html?npa=1",
    "category": "Match3"
  },
  {
    "image": "https://www.htmlgames.com/uploaded/game/thumb/deepdive300.jpg",
    "link": "https://www.htmlgames.com/game/Deep+Dive",
    "name": "Deep Dive",
    "embedLink": "https://cdn.htmlgames.com/DeepDive/index.html?npa=1",
    "category": "Match3"
  },
  {
    "image": "https://www.htmlgames.com/uploaded/game/thumb/fruitsquares300200.jpg",
    "link": "https://www.htmlgames.com/game/Fruit+Squares",
    "name": "Fruit Squares",
    "embedLink": "https://cdn.htmlgames.com/FruitSquares/index.html?npa=1",
    "category": "Match3"
  },
  {
    "image": "https://www.htmlgames.com/uploaded/game/thumb/sealifepuzzle300.jpg",
    "link": "https://www.htmlgames.com/game/SeaLife+Puzzle",
    "name": "SeaLife Puzzle",
    "embedLink": "https://cdn.htmlgames.com/SealifePuzzle/index.html?npa=1",
    "category": "Match3"
  },
  {
    "image": "https://www.htmlgames.com/uploaded/game/thumb/farmgirl300200.jpg",
    "link": "https://www.htmlgames.com/game/Farm+Girl",
    "name": "Farm Girl",
    "embedLink": "https://cdn.htmlgames.com/FarmGirl/index.html?npa=1",
    "category": "Match3"
  },
  {
    "image": "https://www.htmlgames.com/uploaded/game/thumb/iceblock300200.jpg",
    "link": "https://www.htmlgames.com/game/Ice+Blocks",
    "name": "Ice Blocks",
    "embedLink": "https://cdn.htmlgames.com/IceBlocks/index.html?npa=1",
    "category": "Match3"
  },
  {
    "image": "https://www.htmlgames.com/uploaded/game/thumb/cakehouse300200.jpg",
    "link": "https://www.htmlgames.com/game/Cake+House",
    "name": "Cake House",
    "embedLink": "https://cdn.htmlgames.com/CakeHouse/index.html?npa=1",
    "category": "Match3"
  },
  {
    "image": "https://www.htmlgames.com/uploaded/game/thumb/crashit300200.jpg",
    "link": "https://www.htmlgames.com/game/Crash+it",
    "name": "Crash it",
    "embedLink": "https://cdn.htmlgames.com/CrashIt/index.html?npa=1",
    "category": "Match3"
  },
  {
    "image": "https://www.htmlgames.com/uploaded/game/thumb/lostisland2300200.jpg",
    "link": "https://www.htmlgames.com/game/Lost+Island+2",
    "name": "Lost Island 2",
    "embedLink": "https://cdn.htmlgames.com/LostIsland2/index.html?npa=1",
    "category": "Match3"
  },
  {
    "image": "https://www.htmlgames.com/uploaded/game/thumb/zoobiescollapse300200.jpg",
    "link": "https://www.htmlgames.com/game/Zoobies+Collapse",
    "name": "Zoobies Collapse",
    "embedLink": "https://cdn.htmlgames.com/ZoobiesCollapse/index.html?npa=1",
    "category": "Match3"
  },
  {
    "image": "https://www.htmlgames.com/uploaded/game/thumb/triplecoins300200.jpg",
    "link": "https://www.htmlgames.com/game/Triple+Coins",
    "name": "Triple Coins",
    "embedLink": "https://cdn.htmlgames.com/TripleCoins/index.html?npa=1",
    "category": "Match3"
  },
  {
    "image": "https://www.htmlgames.com/uploaded/game/thumb/monkeybubbles300200.jpg",
    "link": "https://www.htmlgames.com/game/Monkey+Bubbles",
    "name": "Monkey Bubbles",
    "embedLink": "https://cdn.htmlgames.com/MonkeyBubbles/index.html?npa=1",
    "category": "Match3"
  },
  {
    "image": "https://www.htmlgames.com/uploaded/game/thumb/mayazuma300200.jpg",
    "link": "https://www.htmlgames.com/game/Maya+Zuma",
    "name": "Maya Zuma",
    "embedLink": "https://cdn.htmlgames.com/MayaZuma/index.html?npa=1",
    "category": "Match3"
  },
  {
    "image": "https://www.htmlgames.com/uploaded/game/thumb/egyptrunes300200.jpg",
    "link": "https://www.htmlgames.com/game/Egypt+Runes",
    "name": "Egypt Runes",
    "embedLink": "https://cdn.htmlgames.com/EgyptRunes/index.html?npa=1",
    "category": "Match3"
  },
  {
    "image": "https://www.htmlgames.com/uploaded/game/thumb/forest-queen2-300.jpg",
    "link": "https://www.htmlgames.com/game/Forest+Queen+2",
    "name": "Forest Queen 2",
    "embedLink": "https://cdn.htmlgames.com/ForestQueen2/index.html?npa=1",
    "category": "Match3"
  },
  {
    "image": "https://www.htmlgames.com/uploaded/game/thumb/chinesemarbles300200.jpg",
    "link": "https://www.htmlgames.com/game/Chinese+Marbles",
    "name": "Chinese Marbles",
    "embedLink": "https://cdn.htmlgames.com/ChineseMarbles/index.html?npa=1",
    "category": "Match3"
  },
  {
    "image": "https://www.htmlgames.com/uploaded/game/thumb/easterbubble300200.jpg",
    "link": "https://www.htmlgames.com/game/Easter+Bubble",
    "name": "Easter Bubble",
    "embedLink": "https://cdn.htmlgames.com/EasterBubble/index.html?npa=1",
    "category": "Match3"
  }
]