[
  {
    "image": "https://www.htmlgames.com/uploaded/game/thumb/dagelijksewoordzoeker300.jpg",
    "link": "https://www.htmlgames.com/game/Dagelijkse+Woordzoeker",
    "name": "Dagelijkse Woordzoeker",
    "embedLink": "https://cdn.htmlgames.com/DagelijkseWoordzoeker/index.html?npa=1",
    "category": "Mind"
  },
  {
    "image": "https://www.htmlgames.com/uploaded/game/thumb/dailykakuro300.jpg",
    "link": "https://www.htmlgames.com/game/Daily+Kakuro",
    "name": "Daily Kakuro",
    "embedLink": "https://cdn.htmlgames.com/DailyKakuro/index.html?npa=1",
    "category": "Mind"
  },
  {
    "image": "https://www.htmlgames.com/uploaded/game/thumb/dailynonograms300.jpg",
    "link": "https://www.htmlgames.com/game/Daily+Nonograms",
    "name": "Daily Nonograms",
    "embedLink": "https://cdn.htmlgames.com/DailyNonograms/index.html?npa=1",
    "category": "Mind"
  },
  {
    "image": "https://www.htmlgames.com/uploaded/game/thumb/dailyworduky300.jpg",
    "link": "https://www.htmlgames.com/game/Daily+Wordoku",
    "name": "Daily Wordoku",
    "embedLink": "https://cdn.htmlgames.com/DailyWordoku/index.html?npa=1",
    "category": "Mind"
  },
  {
    "image": "https://www.htmlgames.com/uploaded/game/thumb/1010classic300200.jpg",
    "link": "https://www.htmlgames.com/game/1010+Classic",
    "name": "1010 Classic",
    "embedLink": "https://cdn.htmlgames.com/1010Classic/index.html?npa=1",
    "category": "Mind"
  },
  {
    "image": "https://www.htmlgames.com/uploaded/game/thumb/dailykakurasu300.jpg",
    "link": "https://www.htmlgames.com/game/Daily+Kakurasu",
    "name": "Daily Kakurasu",
    "embedLink": "https://cdn.htmlgames.com/DailyKakurasu/index.html?npa=1",
    "category": "Mind"
  },
  {
    "image": "https://www.htmlgames.com/uploaded/game/thumb/mainpower300200.jpg",
    "link": "https://www.htmlgames.com/game/Main+Power",
    "name": "Main Power",
    "embedLink": "https://cdn.htmlgames.com/MainPower/index.html?npa=1",
    "category": "Mind"
  },
  {
    "image": "https://www.htmlgames.com/uploaded/game/thumb/dailyhexnum300.jpg",
    "link": "https://www.htmlgames.com/game/Daily+Hexnum",
    "name": "Daily Hexnum",
    "embedLink": "https://cdn.htmlgames.com/DailyHexNum/index.html?npa=1",
    "category": "Mind"
  },
  {
    "image": "https://www.htmlgames.com/uploaded/game/thumb/daily-stostone-300.jpg",
    "link": "https://www.htmlgames.com/game/Daily+StoStone",
    "name": "Daily StoStone",
    "embedLink": "https://cdn.htmlgames.com/DailyStoStone/index.html?npa=1",
    "category": "Mind"
  },
  {
    "image": "https://www.htmlgames.com/uploaded/game/thumb/bbqroast300200.jpg",
    "link": "https://www.htmlgames.com/game/BBQ+Roast",
    "name": "BBQ Roast",
    "embedLink": "https://cdn.htmlgames.com/BBQRoast/index.html?npa=1",
    "category": "Mind"
  },
  {
    "image": "https://www.htmlgames.com/uploaded/game/thumb/daily1to25300.jpg",
    "link": "https://www.htmlgames.com/game/Daily+1+to+25",
    "name": "Daily 1 to 25",
    "embedLink": "https://cdn.htmlgames.com/Daily1to25/index.html?npa=1",
    "category": "Mind"
  },
  {
    "image": "https://www.htmlgames.com/uploaded/game/thumb/dailyshikaku300.jpg",
    "link": "https://www.htmlgames.com/game/Daily+Shikaku",
    "name": "Daily Shikaku",
    "embedLink": "https://cdn.htmlgames.com/DailyShikaku/index.html?npa=1",
    "category": "Mind"
  },
  {
    "image": "https://www.htmlgames.com/uploaded/game/thumb/penguinwordtwist300200.jpg",
    "link": "https://www.htmlgames.com/game/Penguin+Word+Twist",
    "name": "Penguin Word Twist",
    "embedLink": "https://cdn.htmlgames.com/PenguinWordTwist/index.html?npa=1",
    "category": "Mind"
  },
  {
    "image": "https://www.htmlgames.com/uploaded/game/thumb/Daily15Up-300.jpg",
    "link": "https://www.htmlgames.com/game/Daily+15+Up",
    "name": "Daily 15 Up",
    "embedLink": "https://cdn.htmlgames.com/Daily15Up/index.html?npa=1",
    "category": "Mind"
  },
  {
    "image": "https://www.htmlgames.com/uploaded/game/thumb/mergeit300200.jpg",
    "link": "https://www.htmlgames.com/game/Merge+It",
    "name": "Merge It",
    "embedLink": "https://cdn.htmlgames.com/MergeIt/index.html?npa=1",
    "category": "Mind"
  },
  {
    "image": "https://www.htmlgames.com/uploaded/game/thumb/classic-word-search-300.jpg",
    "link": "https://www.htmlgames.com/game/Classic+Word+Search",
    "name": "Classic Word Search",
    "embedLink": "https://cdn.htmlgames.com/ClassicWordSearch/index.html?npa=1",
    "category": "Mind"
  },
  {
    "image": "https://www.htmlgames.com/uploaded/game/thumb/crucigramasdeldia300.jpg",
    "link": "https://www.htmlgames.com/game/Crucigramas+Del+Dia",
    "name": "Crucigramas Del Dia",
    "embedLink": "https://cdn.htmlgames.com/CrucigramasDelDia/index.html?npa=1",
    "category": "Mind"
  },
  {
    "image": "https://www.htmlgames.com/uploaded/game/thumb/dailysudoku300x200.jpg",
    "link": "https://www.htmlgames.com/game/Daily+Sudoku",
    "name": "Daily Sudoku",
    "embedLink": "https://cdn.htmlgames.com/DailySudoku/index.html?npa=1",
    "category": "Mind"
  },
  {
    "image": "https://www.htmlgames.com/uploaded/game/thumb/words300.jpg",
    "link": "https://www.htmlgames.com/game/Words",
    "name": "Words",
    "embedLink": "https://cdn.htmlgames.com/Words/index.html?npa=1",
    "category": "Mind"
  },
  {
    "image": "https://www.htmlgames.com/uploaded/game/thumb/creepycreatures300200.jpg",
    "link": "https://www.htmlgames.com/game/Creepy+Creatures",
    "name": "Creepy Creatures",
    "embedLink": "https://cdn.htmlgames.com/CreepyCreatures/index.html?npa=1",
    "category": "Mind"
  },
  {
    "image": "https://www.htmlgames.com/uploaded/game/thumb/dailytracks300.jpg",
    "link": "https://www.htmlgames.com/game/Daily+Tracks",
    "name": "Daily Tracks",
    "embedLink": "https://cdn.htmlgames.com/DailyTracks/index.html?npa=1",
    "category": "Mind"
  },
  {
    "image": "https://www.htmlgames.com/uploaded/game/thumb/chocolatefactory300.jpg",
    "link": "https://www.htmlgames.com/game/Chocolate+Factory",
    "name": "Chocolate Factory",
    "embedLink": "https://cdn.htmlgames.com/ChocolateFactory/index.html?npa=1",
    "category": "Mind"
  },
  {
    "image": "https://www.htmlgames.com/uploaded/game/thumb/fruitcubes300200.jpg",
    "link": "https://www.htmlgames.com/game/Fruit+Cubes",
    "name": "Fruit Cubes",
    "embedLink": "https://cdn.htmlgames.com/FruitCubes/index.html?npa=1",
    "category": "Mind"
  },
  {
    "image": "https://www.htmlgames.com/uploaded/game/thumb/sumjong300200.jpg",
    "link": "https://www.htmlgames.com/game/SumJong",
    "name": "SumJong",
    "embedLink": "https://cdn.htmlgames.com/Sumjong/index.html?npa=1",
    "category": "Mind"
  },
  {
    "image": "https://www.htmlgames.com/uploaded/game/thumb/killersudoku300200.jpg",
    "link": "https://www.htmlgames.com/game/Killer+Sudoku",
    "name": "Killer Sudoku",
    "embedLink": "https://cdn.htmlgames.com/KillerSudoku/index.html?npa=1",
    "category": "Mind"
  },
  {
    "image": "https://www.htmlgames.com/uploaded/game/thumb/cats1010300200.jpg",
    "link": "https://www.htmlgames.com/game/Cats+1010",
    "name": "Cats 1010",
    "embedLink": "https://cdn.htmlgames.com/Cats1010/index.html?npa=1",
    "category": "Mind"
  },
  {
    "image": "https://www.htmlgames.com/uploaded/game/thumb/tikitotemsquartet300200.jpg",
    "link": "https://www.htmlgames.com/game/Tiki+Totems+Quartet",
    "name": "Tiki Totems Quartet",
    "embedLink": "https://cdn.htmlgames.com/TikiTotemsQuartet/index.html?npa=1",
    "category": "Mind"
  },
  {
    "image": "https://www.htmlgames.com/uploaded/game/thumb/dailynumbrix300.jpg",
    "link": "https://www.htmlgames.com/game/Daily+Numbrix",
    "name": "Daily Numbrix",
    "embedLink": "https://cdn.htmlgames.com/DailyNumbrix/index.html?npa=1",
    "category": "Mind"
  },
  {
    "image": "https://www.htmlgames.com/uploaded/game/thumb/trainswitch300200.jpg",
    "link": "https://www.htmlgames.com/game/Train+Switch",
    "name": "Train Switch",
    "embedLink": "https://cdn.htmlgames.com/TrainSwitch/index.html?npa=1",
    "category": "Mind"
  },
  {
    "image": "https://www.htmlgames.com/uploaded/game/thumb/whackthemoles300200.jpg",
    "link": "https://www.htmlgames.com/game/Whack+the+Moles",
    "name": "Whack the Moles",
    "embedLink": "https://cdn.htmlgames.com/WhackTheMoles/index.html?npa=1",
    "category": "Mind"
  },
  {
    "image": "https://www.htmlgames.com/uploaded/game/thumb/dailyfutoshiki300.jpg",
    "link": "https://www.htmlgames.com/game/Daily+Futoshiki",
    "name": "Daily Futoshiki",
    "embedLink": "https://cdn.htmlgames.com/DailyFutoshiki/index.html?npa=1",
    "category": "Mind"
  },
  {
    "image": "https://www.htmlgames.com/uploaded/game/thumb/dagelijksekruiswoord300.jpg",
    "link": "https://www.htmlgames.com/game/Dagelijkse+Kruiswoord",
    "name": "Dagelijkse Kruiswoord",
    "embedLink": "https://cdn.htmlgames.com/DagelijkseKruiswoord/index.html?npa=1",
    "category": "Mind"
  },
  {
    "image": "https://www.htmlgames.com/uploaded/game/thumb/flowerburst300200.jpg",
    "link": "https://www.htmlgames.com/game/Flower+Burst",
    "name": "Flower Burst",
    "embedLink": "https://cdn.htmlgames.com/FlowerBurst/index.html?npa=1",
    "category": "Mind"
  },
  {
    "image": "https://www.htmlgames.com/uploaded/game/thumb/countrylabyrinth1300200.jpg",
    "link": "https://www.htmlgames.com/game/Country+Labyrinth+1",
    "name": "Country Labyrinth 1",
    "embedLink": "https://cdn.htmlgames.com/CountryLabyrinth1/index.html?npa=1",
    "category": "Mind"
  },
  {
    "image": "https://www.htmlgames.com/uploaded/game/thumb/hashiwokakero300.jpg",
    "link": "https://www.htmlgames.com/game/Hashiwokakero",
    "name": "Hashiwokakero",
    "embedLink": "https://cdn.htmlgames.com/Hashiwokakero/index.html?npa=1",
    "category": "Mind"
  },
  {
    "image": "https://www.htmlgames.com/uploaded/game/thumb/mysteryparadise300200.jpg",
    "link": "https://www.htmlgames.com/game/Mystery+Paradise",
    "name": "Mystery Paradise",
    "embedLink": "https://cdn.htmlgames.com/MysteryParadise/index.html?npa=1",
    "category": "Mind"
  },
  {
    "image": "https://www.htmlgames.com/uploaded/game/thumb/fruitflip300200.jpg",
    "link": "https://www.htmlgames.com/game/Fruit+Flip",
    "name": "Fruit Flip",
    "embedLink": "https://cdn.htmlgames.com/FruitFlip/index.html?npa=1",
    "category": "Mind"
  },
  {
    "image": "https://www.htmlgames.com/uploaded/game/thumb/dailywordsearch300.jpg",
    "link": "https://www.htmlgames.com/game/Daily+Word+Search",
    "name": "Daily Word Search",
    "embedLink": "https://cdn.htmlgames.com/DailyWordSearch/index.html?npa=1",
    "category": "Mind"
  },
  {
    "image": "https://www.htmlgames.com/uploaded/game/thumb/dailykillersudoku300.jpg",
    "link": "https://www.htmlgames.com/game/Daily+Killer+Sudoku",
    "name": "Daily Killer Sudoku",
    "embedLink": "https://cdn.htmlgames.com/DailyKillerSudoku/index.html?npa=1",
    "category": "Mind"
  },
  {
    "image": "https://www.htmlgames.com/uploaded/game/thumb/dailyloop300.jpg",
    "link": "https://www.htmlgames.com/game/Daily+Loop",
    "name": "Daily Loop",
    "embedLink": "https://cdn.htmlgames.com/DailyLoop/index.html?npa=1",
    "category": "Mind"
  },
  {
    "image": "https://www.htmlgames.com/uploaded/game/thumb/rectangles300200.jpg",
    "link": "https://www.htmlgames.com/game/Rectangles",
    "name": "Rectangles",
    "embedLink": "https://cdn.htmlgames.com/Rectangles/index.html?npa=1",
    "category": "Mind"
  },
  {
    "image": "https://www.htmlgames.com/uploaded/game/thumb/anonogramaday300.jpg",
    "link": "https://www.htmlgames.com/game/A+Nonogram+a+Day",
    "name": "A Nonogram a Day",
    "embedLink": "https://cdn.htmlgames.com/ANonogramADay/index.html?npa=1",
    "category": "Mind"
  },
  {
    "image": "https://www.htmlgames.com/uploaded/game/thumb/numbersearch300.jpg",
    "link": "https://www.htmlgames.com/game/Number+Search",
    "name": "Number Search",
    "embedLink": "https://cdn.htmlgames.com/NumberSearch/index.html?npa=1",
    "category": "Mind"
  },
  {
    "image": "https://www.htmlgames.com/uploaded/game/thumb/escapetheforest300200.jpg",
    "link": "https://www.htmlgames.com/game/Escape+the+Forest",
    "name": "Escape the Forest",
    "embedLink": "https://cdn.htmlgames.com/EscapeTheForest/index.html?npa=1",
    "category": "Mind"
  },
  {
    "image": "https://www.htmlgames.com/uploaded/game/thumb/wordmahjong300200.jpg",
    "link": "https://www.htmlgames.com/game/Word+Mahjong",
    "name": "Word Mahjong",
    "embedLink": "https://cdn.htmlgames.com/WordMahjong/index.html?npa=1",
    "category": "Mind"
  },
  {
    "image": "https://www.htmlgames.com/uploaded/game/thumb/stolenart300200.jpg",
    "link": "https://www.htmlgames.com/game/Stolen+Art",
    "name": "Stolen Art",
    "embedLink": "https://cdn.htmlgames.com/StolenArt/index.html?npa=1",
    "category": "Mind"
  },
  {
    "image": "https://www.htmlgames.com/uploaded/game/thumb/hangman300200.jpg",
    "link": "https://www.htmlgames.com/game/Hangman",
    "name": "Hangman",
    "embedLink": "https://cdn.htmlgames.com/Hangman/index.html?npa=1",
    "category": "Mind"
  },
  {
    "image": "https://www.htmlgames.com/uploaded/game/thumb/crosswords2300200.jpg",
    "link": "https://www.htmlgames.com/game/Crosswords+2",
    "name": "Crosswords 2",
    "embedLink": "https://cdn.htmlgames.com/Crosswords2/index.html?npa=1",
    "category": "Mind"
  },
  {
    "image": "https://www.htmlgames.com/uploaded/game/thumb/dailycalcudoku300.jpg",
    "link": "https://www.htmlgames.com/game/Daily+Calcudoku",
    "name": "Daily Calcudoku",
    "embedLink": "https://cdn.htmlgames.com/DailyCalcudoku/index.html?npa=1",
    "category": "Mind"
  },
  {
    "image": "https://www.htmlgames.com/uploaded/game/thumb/christmaswords300200.jpg",
    "link": "https://www.htmlgames.com/game/Christmas+Words",
    "name": "Christmas Words",
    "embedLink": "https://cdn.htmlgames.com/ChristmasWords/index.html?npa=1",
    "category": "Mind"
  },
  {
    "image": "https://www.htmlgames.com/uploaded/game/thumb/extremevexed300.jpg",
    "link": "https://www.htmlgames.com/game/Extreme+Vexed",
    "name": "Extreme Vexed",
    "embedLink": "https://cdn.htmlgames.com/ExtremeVexed/index.html?npa=1",
    "category": "Mind"
  },
  {
    "image": "https://www.htmlgames.com/uploaded/game/thumb/shinro-300x200.png",
    "link": "https://www.htmlgames.com/game/Daily+Shinro",
    "name": "Daily Shinro",
    "embedLink": "https://cdn.htmlgames.com/DailyShinro/index.html?npa=1",
    "category": "Mind"
  },
  {
    "image": "https://www.htmlgames.com/uploaded/game/thumb/beeenglish300.jpg",
    "link": "https://www.htmlgames.com/game/Bee+English",
    "name": "Bee English",
    "embedLink": "https://cdn.htmlgames.com/BeeEnglish/index.html?npa=1",
    "category": "Mind"
  },
  {
    "image": "https://www.htmlgames.com/uploaded/game/thumb/linesandblocks2300200.jpg",
    "link": "https://www.htmlgames.com/game/Lines+and+blocks+2",
    "name": "Lines and blocks 2",
    "embedLink": "https://cdn.htmlgames.com/LinesAndBlocks2/index.html?npa=1",
    "category": "Mind"
  },
  {
    "image": "https://www.htmlgames.com/uploaded/game/thumb/treasurechests-300.jpg",
    "link": "https://www.htmlgames.com/game/Treasure+Chests",
    "name": "Treasure Chests",
    "embedLink": "https://cdn.htmlgames.com/TreasureChests/index.html?npa=1",
    "category": "Mind"
  },
  {
    "image": "https://www.htmlgames.com/uploaded/game/thumb/jigsawcities1300.jpg",
    "link": "https://www.htmlgames.com/game/Jigsaw+Cities+1",
    "name": "Jigsaw Cities 1",
    "embedLink": "https://cdn.htmlgames.com/JigsawCities1/index.html?npa=1",
    "category": "Mind"
  },
  {
    "image": "https://www.htmlgames.com/uploaded/game/thumb/jollyjongmath300.jpg",
    "link": "https://www.htmlgames.com/game/Jolly+Jong+Math",
    "name": "Jolly Jong Math",
    "embedLink": "https://cdn.htmlgames.com/JollyJongMath/index.html?npa=1",
    "category": "Mind"
  },
  {
    "image": "https://www.htmlgames.com/uploaded/game/thumb/taglicheskreuzwort300.jpg",
    "link": "https://www.htmlgames.com/game/T%C3%A4gliches+Kreuzwort+R%C3%A4tsel",
    "name": "Tägliches Kreuzwort Rätsel",
    "embedLink": "https://cdn.htmlgames.com/TäglichesKreuzwortRätsel/index.html?npa=1",
    "category": "Mind"
  },
  {
    "image": "https://www.htmlgames.com/uploaded/game/thumb/blublove300.jpg",
    "link": "https://www.htmlgames.com/game/Blub+Love",
    "name": "Blub Love",
    "embedLink": "https://cdn.htmlgames.com/BlubLove/index.html?npa=1",
    "category": "Mind"
  },
  {
    "image": "https://www.htmlgames.com/uploaded/game/thumb/mouseandcheese300200.jpg",
    "link": "https://www.htmlgames.com/game/Mouse+and+Cheese",
    "name": "Mouse and Cheese",
    "embedLink": "https://cdn.htmlgames.com/MouseAndCheese/index.html?npa=1",
    "category": "Mind"
  },
  {
    "image": "https://www.htmlgames.com/uploaded/game/thumb/daily-star-battle-300.jpg",
    "link": "https://www.htmlgames.com/game/Daily+Star+Battle",
    "name": "Daily Star Battle",
    "embedLink": "https://cdn.htmlgames.com/DailyStarBattle/index.html?npa=1",
    "category": "Mind"
  },
  {
    "image": "https://www.htmlgames.com/uploaded/game/thumb/colorpuzzle300200.jpg",
    "link": "https://www.htmlgames.com/game/Color+Puzzle",
    "name": "Color Puzzle",
    "embedLink": "https://cdn.htmlgames.com/ColorPuzzle/index.html?npa=1",
    "category": "Mind"
  },
  {
    "image": "https://www.htmlgames.com/uploaded/game/thumb/illuminate1300.png",
    "link": "https://www.htmlgames.com/game/Illuminate+1",
    "name": "Illuminate 1",
    "embedLink": "https://cdn.htmlgames.com/Illuminate1/index.html?npa=1",
    "category": "Mind"
  },
  {
    "image": "https://www.htmlgames.com/uploaded/game/thumb/dailysokoban300.jpg",
    "link": "https://www.htmlgames.com/game/Daily+Sokoban",
    "name": "Daily Sokoban",
    "embedLink": "https://cdn.htmlgames.com/DailySokoban/index.html?npa=1",
    "category": "Mind"
  },
  {
    "image": "https://www.htmlgames.com/uploaded/game/thumb/supermarketnumbers300.jpg",
    "link": "https://www.htmlgames.com/game/Supermarket+Numbers",
    "name": "Supermarket Numbers",
    "embedLink": "https://cdn.htmlgames.com/SupermarketNumbers/index.html?npa=1",
    "category": "Mind"
  },
  {
    "image": "https://www.htmlgames.com/uploaded/game/thumb/airportmanagement2300200.jpg",
    "link": "https://www.htmlgames.com/game/Airport+Management+2",
    "name": "Airport Management 2",
    "embedLink": "https://cdn.htmlgames.com/AirportManagement2/index.html?npa=1",
    "category": "Mind"
  },
  {
    "image": "https://www.htmlgames.com/uploaded/game/thumb/tetristown300200.jpg",
    "link": "https://www.htmlgames.com/game/Block+Town",
    "name": "Block Town",
    "embedLink": "https://cdn.htmlgames.com/BlockTown/index.html?npa=1",
    "category": "Mind"
  },
  {
    "image": "https://www.htmlgames.com/uploaded/game/thumb/tictactoe300200.jpg",
    "link": "https://www.htmlgames.com/game/Tic+Tac+Toe",
    "name": "Tic Tac Toe",
    "embedLink": "https://cdn.htmlgames.com/TicTacToe/index.html?npa=1",
    "category": "Mind"
  },
  {
    "image": "https://www.htmlgames.com/uploaded/game/thumb/blitzwizards300.jpg",
    "link": "https://www.htmlgames.com/game/Blitz+Wizards",
    "name": "Blitz Wizards",
    "embedLink": "https://cdn.htmlgames.com/BlitzWizards/index.html?npa=1",
    "category": "Mind"
  },
  {
    "image": "https://www.htmlgames.com/uploaded/game/thumb/dailybridges300.jpg",
    "link": "https://www.htmlgames.com/game/Daily+Bridges",
    "name": "Daily Bridges",
    "embedLink": "https://cdn.htmlgames.com/DailyBridges/index.html?npa=1",
    "category": "Mind"
  },
  {
    "image": "https://www.htmlgames.com/uploaded/game/thumb/carparking-300.jpg",
    "link": "https://www.htmlgames.com/game/Car+Parking",
    "name": "Car Parking",
    "embedLink": "https://cdn.htmlgames.com/CarParking/index.html?npa=1",
    "category": "Mind"
  },
  {
    "image": "https://www.htmlgames.com/uploaded/game/thumb/additup3300.jpg",
    "link": "https://www.htmlgames.com/game/Add+it+Up+3",
    "name": "Add it Up 3",
    "embedLink": "https://cdn.htmlgames.com/AddItUp3/index.html?npa=1",
    "category": "Mind"
  },
  {
    "image": "https://www.htmlgames.com/uploaded/game/thumb/crosswords300200.jpg",
    "link": "https://www.htmlgames.com/game/Crosswords",
    "name": "Crosswords",
    "embedLink": "https://cdn.htmlgames.com/Crosswords/index.html?npa=1",
    "category": "Mind"
  },
  {
    "image": "https://www.htmlgames.com/uploaded/game/thumb/connect10300200.jpg",
    "link": "https://www.htmlgames.com/game/Connect+10",
    "name": "Connect 10",
    "embedLink": "https://cdn.htmlgames.com/Connect10/index.html?npa=1",
    "category": "Mind"
  },
  {
    "image": "https://www.htmlgames.com/uploaded/game/thumb/pairzoobies200120.jpg",
    "link": "https://www.htmlgames.com/game/Pair+Zoobies",
    "name": "Pair Zoobies",
    "embedLink": "https://cdn.htmlgames.com/PairZoobies/index.html?npa=1",
    "category": "Mind"
  },
  {
    "image": "https://www.htmlgames.com/uploaded/game/thumb/minesweeperclassic300.jpg",
    "link": "https://www.htmlgames.com/game/Minesweeper+Classic",
    "name": "Minesweeper Classic",
    "embedLink": "https://cdn.htmlgames.com/MinesweeperClassic/index.html?npa=1",
    "category": "Mind"
  },
  {
    "image": "https://www.htmlgames.com/uploaded/game/thumb/additup2-300.jpg",
    "link": "https://www.htmlgames.com/game/Add+It+Up+2",
    "name": "Add It Up 2",
    "embedLink": "https://cdn.htmlgames.com/AddItUp2/index.html?npa=1",
    "category": "Mind"
  },
  {
    "image": "https://www.htmlgames.com/uploaded/game/thumb/dailyheggies300.jpg",
    "link": "https://www.htmlgames.com/game/Daily+Heggies",
    "name": "Daily Heggies",
    "embedLink": "https://cdn.htmlgames.com/DailyHeggies/index.html?npa=1",
    "category": "Mind"
  },
  {
    "image": "https://www.htmlgames.com/uploaded/game/thumb/dailyletterlogic300.jpg",
    "link": "https://www.htmlgames.com/game/Daily+Letter+Logic",
    "name": "Daily Letter Logic",
    "embedLink": "https://cdn.htmlgames.com/DailyLetterLogic/index.html?npa=1",
    "category": "Mind"
  },
  {
    "image": "https://www.htmlgames.com/uploaded/game/thumb/2048ufo300.jpg",
    "link": "https://www.htmlgames.com/game/2048+UFO",
    "name": "2048 UFO",
    "embedLink": "https://cdn.htmlgames.com/2048UFO/index.html?npa=1",
    "category": "Mind"
  },
  {
    "image": "https://www.htmlgames.com/uploaded/game/thumb/icecreambar300200.jpg",
    "link": "https://www.htmlgames.com/game/Ice+Cream+Bar",
    "name": "Ice Cream Bar",
    "embedLink": "https://cdn.htmlgames.com/IceCreamBar/index.html?npa=1",
    "category": "Mind"
  },
  {
    "image": "https://www.htmlgames.com/uploaded/game/thumb/dailykaodoku300.jpg",
    "link": "https://www.htmlgames.com/game/Daily+Kaodoku",
    "name": "Daily Kaodoku",
    "embedLink": "https://cdn.htmlgames.com/DailyKaodoku/index.html?npa=1",
    "category": "Mind"
  },
  {
    "image": "https://www.htmlgames.com/uploaded/game/thumb/simonsays300200.jpg",
    "link": "https://www.htmlgames.com/game/Simon+Says",
    "name": "Simon Says",
    "embedLink": "https://cdn.htmlgames.com/SimonSays/index.html?npa=1",
    "category": "Mind"
  },
  {
    "image": "https://www.htmlgames.com/uploaded/game/thumb/holidaymatch300.jpg",
    "link": "https://www.htmlgames.com/game/Holiday+Match",
    "name": "Holiday Match",
    "embedLink": "https://cdn.htmlgames.com/HolidayMatch/index.html?npa=1",
    "category": "Mind"
  },
  {
    "image": "https://www.htmlgames.com/uploaded/game/thumb/numberfill300200.jpg",
    "link": "https://www.htmlgames.com/game/Number+Fill",
    "name": "Number Fill",
    "embedLink": "https://cdn.htmlgames.com/NumberFill/index.html?npa=1",
    "category": "Mind"
  },
  {
    "image": "https://www.htmlgames.com/uploaded/game/thumb/farmtown300.jpg",
    "link": "https://www.htmlgames.com/game/Farm+Town",
    "name": "Farm Town",
    "embedLink": "https://cdn.htmlgames.com/FarmTown/index.html?npa=1",
    "category": "Mind"
  },
  {
    "image": "https://www.htmlgames.com/uploaded/game/thumb/tangrambird300200.jpg",
    "link": "https://www.htmlgames.com/game/Tangram+Bird",
    "name": "Tangram Bird",
    "embedLink": "https://cdn.htmlgames.com/TangramBird/index.html?npa=1",
    "category": "Mind"
  },
  {
    "image": "https://www.htmlgames.com/uploaded/game/thumb/sheepandwolves300.jpg",
    "link": "https://www.htmlgames.com/game/Sheep+and+Wolves",
    "name": "Sheep and Wolves",
    "embedLink": "https://cdn.htmlgames.com/SheepAndWolves/index.html?npa=1",
    "category": "Mind"
  },
  {
    "image": "https://www.htmlgames.com/uploaded/game/thumb/jigsawcities2300.jpg",
    "link": "https://www.htmlgames.com/game/Jigsaw+Cities+2",
    "name": "Jigsaw Cities 2",
    "embedLink": "https://cdn.htmlgames.com/JigsawCities2/index.html?npa=1",
    "category": "Mind"
  },
  {
    "image": "https://www.htmlgames.com/uploaded/game/thumb/emojipairs300200.jpg",
    "link": "https://www.htmlgames.com/game/Emoji+Pairs",
    "name": "Emoji Pairs",
    "embedLink": "https://cdn.htmlgames.com/EmojiPairs/index.html?npa=1",
    "category": "Mind"
  },
  {
    "image": "https://www.htmlgames.com/uploaded/game/thumb/fallingsudoku300200.jpg",
    "link": "https://www.htmlgames.com/game/Falling+Sudoku",
    "name": "Falling Sudoku",
    "embedLink": "https://cdn.htmlgames.com/FallingSudoku/index.html?npa=1",
    "category": "Mind"
  },
  {
    "image": "https://www.htmlgames.com/uploaded/game/thumb/neonfence300200.jpg",
    "link": "https://www.htmlgames.com/game/Neon+Fence",
    "name": "Neon Fence",
    "embedLink": "https://cdn.htmlgames.com/NeonFence/index.html?npa=1",
    "category": "Mind"
  },
  {
    "image": "https://www.htmlgames.com/uploaded/game/thumb/lettertrain300200.jpg",
    "link": "https://www.htmlgames.com/game/Letter+Train",
    "name": "Letter Train",
    "embedLink": "https://cdn.htmlgames.com/LetterTrain/index.html?npa=1",
    "category": "Mind"
  },
  {
    "image": "https://www.htmlgames.com/uploaded/game/thumb/luckyclover300200.jpg",
    "link": "https://www.htmlgames.com/game/Lucky+Clover",
    "name": "Lucky Clover",
    "embedLink": "https://cdn.htmlgames.com/LuckyClover/index.html?npa=1",
    "category": "Mind"
  },
  {
    "image": "https://www.htmlgames.com/uploaded/game/thumb/palabra-codigo-dia-300.jpg",
    "link": "https://www.htmlgames.com/game/Palabra+de+C%C3%B3digo+Del+Dia",
    "name": "Palabra de Código Del Dia",
    "embedLink": "https://cdn.htmlgames.com/PalabraDeCodigoDelDia/index.html?npa=1",
    "category": "Mind"
  },
  {
    "image": "https://www.htmlgames.com/uploaded/game/thumb/daily-anagram-crossword-300x200.jpg",
    "link": "https://www.htmlgames.com/game/Daily+Anagram+Crossword",
    "name": "Daily Anagram Crossword",
    "embedLink": "https://cdn.htmlgames.com/DailyAnagramCrossword/index.html?npa=1",
    "category": "Mind"
  },
  {
    "image": "https://www.htmlgames.com/uploaded/game/thumb/pushpuzzle300200.jpg",
    "link": "https://www.htmlgames.com/game/Push+Puzzle",
    "name": "Push Puzzle",
    "embedLink": "https://cdn.htmlgames.com/PushPuzzle/index.html?npa=1",
    "category": "Mind"
  },
  {
    "image": "https://www.htmlgames.com/uploaded/game/thumb/nonogram300.jpg",
    "link": "https://www.htmlgames.com/game/Nonogram",
    "name": "Nonogram",
    "embedLink": "https://cdn.htmlgames.com/Nonogram/index.html?npa=1",
    "category": "Mind"
  },
  {
    "image": "https://www.htmlgames.com/uploaded/game/thumb/hexstream300.jpg",
    "link": "https://www.htmlgames.com/game/Hex+Stream",
    "name": "Hex Stream",
    "embedLink": "https://cdn.htmlgames.com/HexStream/index.html?npa=1",
    "category": "Mind"
  },
  {
    "image": "https://www.htmlgames.com/uploaded/game/thumb/tagliches-codewort-300.jpg",
    "link": "https://www.htmlgames.com/game/T%C3%A4gliches+Codewort",
    "name": "Tägliches Codewort",
    "embedLink": "https://cdn.htmlgames.com/TäglichesCodewort/index.html?npa=1",
    "category": "Mind"
  },
  {
    "image": "https://www.htmlgames.com/uploaded/game/thumb/dagelijkse-anagram-kruiswoord-300x200.jpg",
    "link": "https://www.htmlgames.com/game/Dagelijkse+Anagram+Kruiswoord",
    "name": "Dagelijkse Anagram Kruiswoord",
    "embedLink": "https://cdn.htmlgames.com/DagelijkseAnagramKruiswoord/index.html?npa=1",
    "category": "Mind"
  },
  {
    "image": "https://www.htmlgames.com/uploaded/game/thumb/dagelijkscodewoord-300.jpg",
    "link": "https://www.htmlgames.com/game/Dagelijks+Codewoord",
    "name": "Dagelijks Codewoord",
    "embedLink": "https://cdn.htmlgames.com/DagelijksCodewoord/index.html?npa=1",
    "category": "Mind"
  },
  {
    "image": "https://www.htmlgames.com/uploaded/game/thumb/crucigrama-de-anagrames-diario-300.jpg",
    "link": "https://www.htmlgames.com/game/Crucigrama+de+Anagramas+Diario",
    "name": "Crucigrama de Anagramas Diario",
    "embedLink": "https://cdn.htmlgames.com/CrucigramaDeAnagramasDiario/index.html?npa=1",
    "category": "Mind"
  },
  {
    "image": "https://www.htmlgames.com/uploaded/game/thumb/tagliches-anagramm-kreuzwort-300x200.jpg",
    "link": "https://www.htmlgames.com/game/T%C3%A4gliches+Anagramm+Kreuzwortr%C3%A4tsel",
    "name": "Tägliches Anagramm Kreuzworträtsel",
    "embedLink": "https://cdn.htmlgames.com/TäglichesAnagrammKreuzworträtsel/index.html?npa=1",
    "category": "Mind"
  },
  {
    "image": "https://www.htmlgames.com/uploaded/game/thumb/circuspairs300.jpg",
    "link": "https://www.htmlgames.com/game/Circus+Pairs",
    "name": "Circus Pairs",
    "embedLink": "https://cdn.htmlgames.com/CircusPairs/index.html?npa=1",
    "category": "Mind"
  },
  {
    "image": "https://www.htmlgames.com/uploaded/game/thumb/treesandtents300.jpg",
    "link": "https://www.htmlgames.com/game/Daily+Trees+and+Tents",
    "name": "Daily Trees and Tents",
    "embedLink": "https://cdn.htmlgames.com/DailyTreesAndTents/index.html?npa=1",
    "category": "Mind"
  },
  {
    "image": "https://www.htmlgames.com/uploaded/game/thumb/zooanimals300200.jpg",
    "link": "https://www.htmlgames.com/game/Zoo+Animals",
    "name": "Zoo Animals",
    "embedLink": "https://cdn.htmlgames.com/ZooAnimals/index.html?npa=1",
    "category": "Mind"
  },
  {
    "image": "https://www.htmlgames.com/uploaded/game/thumb/chocolateshop300200.jpg",
    "link": "https://www.htmlgames.com/game/Chocolate+Shop",
    "name": "Chocolate Shop",
    "embedLink": "https://cdn.htmlgames.com/ChocolateShop/index.html?npa=1",
    "category": "Mind"
  },
  {
    "image": "https://www.htmlgames.com/uploaded/game/thumb/vexedzoobies300.jpg",
    "link": "https://www.htmlgames.com/game/Vexed+Zoobies",
    "name": "Vexed Zoobies",
    "embedLink": "https://cdn.htmlgames.com/VexedZoobies/index.html?npa=1",
    "category": "Mind"
  },
  {
    "image": "https://www.htmlgames.com/uploaded/game/thumb/jigsawjamcars300200.jpg",
    "link": "https://www.htmlgames.com/game/Jigsaw+Jam+Cars",
    "name": "Jigsaw Jam Cars",
    "embedLink": "https://cdn.htmlgames.com/JigsawJamCars/index.html?npa=1",
    "category": "Mind"
  },
  {
    "image": "https://www.htmlgames.com/uploaded/game/thumb/2048city300200.jpg",
    "link": "https://www.htmlgames.com/game/2048+City",
    "name": "2048 City",
    "embedLink": "https://cdn.htmlgames.com/2048City/index.html?npa=1",
    "category": "Mind"
  },
  {
    "image": "https://www.htmlgames.com/uploaded/game/thumb/searchthesands300200.jpg",
    "link": "https://www.htmlgames.com/game/Search+the+Sands",
    "name": "Search the Sands",
    "embedLink": "https://cdn.htmlgames.com/SearchTheSands/index.html?npa=1",
    "category": "Mind"
  },
  {
    "image": "https://www.htmlgames.com/uploaded/game/thumb/wordsearch300.jpg",
    "link": "https://www.htmlgames.com/game/Word+Search",
    "name": "Word Search",
    "embedLink": "https://cdn.htmlgames.com/WordSearch/index.html?npa=1",
    "category": "Mind"
  },
  {
    "image": "https://www.htmlgames.com/uploaded/game/thumb/pizzeria300200.jpg",
    "link": "https://www.htmlgames.com/game/Pizzeria",
    "name": "Pizzeria",
    "embedLink": "https://cdn.htmlgames.com/Pizzeria/index.html?npa=1",
    "category": "Mind"
  },
  {
    "image": "https://www.htmlgames.com/uploaded/game/thumb/dailynet300.jpg",
    "link": "https://www.htmlgames.com/game/Daily+Net",
    "name": "Daily Net",
    "embedLink": "https://cdn.htmlgames.com/DailyNet/index.html?npa=1",
    "category": "Mind"
  },
  {
    "image": "https://www.htmlgames.com/uploaded/game/thumb/dailycheckit300.jpg",
    "link": "https://www.htmlgames.com/game/Daily+Checkit",
    "name": "Daily Checkit",
    "embedLink": "https://cdn.htmlgames.com/DailyCheckit/index.html?npa=1",
    "category": "Mind"
  },
  {
    "image": "https://www.htmlgames.com/uploaded/game/thumb/vexed300.jpg",
    "link": "https://www.htmlgames.com/game/Vexed",
    "name": "Vexed",
    "embedLink": "https://cdn.htmlgames.com/Vexed/index.html?npa=1",
    "category": "Mind"
  },
  {
    "image": "https://www.htmlgames.com/uploaded/game/thumb/1010bricks300.jpg",
    "link": "https://www.htmlgames.com/game/1010+Bricks",
    "name": "1010 Bricks",
    "embedLink": "https://cdn.htmlgames.com/1010Bricks/index.html?npa=1",
    "category": "Mind"
  },
  {
    "image": "https://www.htmlgames.com/uploaded/game/thumb/carparking2-300.jpg",
    "link": "https://www.htmlgames.com/game/Car+Parking+2",
    "name": "Car Parking 2",
    "embedLink": "https://cdn.htmlgames.com/CarParking2/index.html?npa=1",
    "category": "Mind"
  },
  {
    "image": "https://www.htmlgames.com/uploaded/game/thumb/yinandyang300200.jpg",
    "link": "https://www.htmlgames.com/game/Yin+and+Yang",
    "name": "Yin and Yang",
    "embedLink": "https://cdn.htmlgames.com/YinAndYang/index.html?npa=1",
    "category": "Mind"
  },
  {
    "image": "https://www.htmlgames.com/uploaded/game/thumb/dailytakuzu300.jpg",
    "link": "https://www.htmlgames.com/game/Daily+Takuzu",
    "name": "Daily Takuzu",
    "embedLink": "https://cdn.htmlgames.com/DailyTakuzu/index.html?npa=1",
    "category": "Mind"
  },
  {
    "image": "https://www.htmlgames.com/uploaded/game/thumb/blacktowhite300200.jpg",
    "link": "https://www.htmlgames.com/game/Black+to+White",
    "name": "Black to White",
    "embedLink": "https://cdn.htmlgames.com/BlackToWhite/index.html?npa=1",
    "category": "Mind"
  },
  {
    "image": "https://www.htmlgames.com/uploaded/game/thumb/illuminate3300200.jpg",
    "link": "https://www.htmlgames.com/game/Illuminate+3",
    "name": "Illuminate 3",
    "embedLink": "https://cdn.htmlgames.com/Illuminate3/index.html?npa=1",
    "category": "Mind"
  },
  {
    "image": "https://www.htmlgames.com/uploaded/game/thumb/flowershop300200.jpg",
    "link": "https://www.htmlgames.com/game/Flower+Shop",
    "name": "Flower Shop",
    "embedLink": "https://cdn.htmlgames.com/FlowerShop/index.html?npa=1",
    "category": "Mind"
  },
  {
    "image": "https://www.htmlgames.com/uploaded/game/thumb/pizzachief300200.jpg",
    "link": "https://www.htmlgames.com/game/Pizza+Chief",
    "name": "Pizza Chief",
    "embedLink": "https://cdn.htmlgames.com/PizzaChief/index.html?npa=1",
    "category": "Mind"
  },
  {
    "image": "https://www.htmlgames.com/uploaded/game/thumb/neonstream300200.jpg",
    "link": "https://www.htmlgames.com/game/Neon+Stream",
    "name": "Neon Stream",
    "embedLink": "https://cdn.htmlgames.com/NeonStream/index.html?npa=1",
    "category": "Mind"
  },
  {
    "image": "https://www.htmlgames.com/uploaded/game/thumb/finishtheproverbs300200.jpg",
    "link": "https://www.htmlgames.com/game/Finish+the+Proverbs",
    "name": "Finish the Proverbs",
    "embedLink": "https://cdn.htmlgames.com/FinishTheProverbs/index.html?npa=1",
    "category": "Mind"
  },
  {
    "image": "https://www.htmlgames.com/uploaded/game/thumb/bumpercar300200.jpg",
    "link": "https://www.htmlgames.com/game/Bumper+Car",
    "name": "Bumper Car",
    "embedLink": "https://cdn.htmlgames.com/BumperCar/index.html?npa=1",
    "category": "Mind"
  },
  {
    "image": "https://www.htmlgames.com/uploaded/game/thumb/cityfuse300200.jpg",
    "link": "https://www.htmlgames.com/game/City+Fuse",
    "name": "City Fuse",
    "embedLink": "https://cdn.htmlgames.com/CityFuse/index.html?npa=1",
    "category": "Mind"
  },
  {
    "image": "https://www.htmlgames.com/uploaded/game/thumb/cookingmahjong300200.jpg",
    "link": "https://www.htmlgames.com/game/Cooking+Mahjong",
    "name": "Cooking Mahjong",
    "embedLink": "https://cdn.htmlgames.com/CookingMahjong/index.html?npa=1",
    "category": "Mind"
  },
  {
    "image": "https://www.htmlgames.com/uploaded/game/thumb/1010deluxe300200.jpg",
    "link": "https://www.htmlgames.com/game/1010+Deluxe",
    "name": "1010 Deluxe",
    "embedLink": "https://cdn.htmlgames.com/1010Deluxe/index.html?npa=1",
    "category": "Mind"
  },
  {
    "image": "https://www.htmlgames.com/uploaded/game/thumb/daily-stream300.jpg",
    "link": "https://www.htmlgames.com/game/Daily+Stream",
    "name": "Daily Stream",
    "embedLink": "https://cdn.htmlgames.com/DailyStream/index.html?npa=1",
    "category": "Mind"
  },
  {
    "image": "https://www.htmlgames.com/uploaded/game/thumb/battleshipsolitaire-300.jpg",
    "link": "https://www.htmlgames.com/game/Daily+Battleship+Solitaire",
    "name": "Daily Battleship Solitaire",
    "embedLink": "https://cdn.htmlgames.com/DailyBattleshipSolitaire/index.html?npa=1",
    "category": "Mind"
  },
  {
    "image": "https://www.htmlgames.com/uploaded/game/thumb/airportmanagement1300200.jpg",
    "link": "https://www.htmlgames.com/game/Airport+Management+1",
    "name": "Airport Management 1",
    "embedLink": "https://cdn.htmlgames.com/AirportManagement1/index.html?npa=1",
    "category": "Mind"
  },
  {
    "image": "https://www.htmlgames.com/uploaded/game/thumb/wildwesthangman300200.jpg",
    "link": "https://www.htmlgames.com/game/Wild+West+Hangman",
    "name": "Wild West Hangman",
    "embedLink": "https://cdn.htmlgames.com/WildWestHangman/index.html?npa=1",
    "category": "Mind"
  },
  {
    "image": "https://www.htmlgames.com/uploaded/game/thumb/additup-300x200.png",
    "link": "https://www.htmlgames.com/game/Add+It+Up",
    "name": "Add It Up",
    "embedLink": "https://cdn.htmlgames.com/AddItUp/index.html?npa=1",
    "category": "Mind"
  },
  {
    "image": "https://www.htmlgames.com/uploaded/game/thumb/riverdiamonds300200.jpg",
    "link": "https://www.htmlgames.com/game/River+Diamonds",
    "name": "River Diamonds",
    "embedLink": "https://cdn.htmlgames.com/RiverDiamonds/index.html?npa=1",
    "category": "Mind"
  },
  {
    "image": "https://www.htmlgames.com/uploaded/game/thumb/Illuminate2300.png",
    "link": "https://www.htmlgames.com/game/Illuminate+2",
    "name": "Illuminate 2",
    "embedLink": "https://cdn.htmlgames.com/Illuminate2/index.html?npa=1",
    "category": "Mind"
  },
  {
    "image": "https://www.htmlgames.com/uploaded/game/thumb/halloweenwords300.jpg",
    "link": "https://www.htmlgames.com/game/Halloween+Words",
    "name": "Halloween Words",
    "embedLink": "https://cdn.htmlgames.com/HalloweenWords/index.html?npa=1",
    "category": "Mind"
  },
  {
    "image": "https://www.htmlgames.com/uploaded/game/thumb/mathsearch300.jpg",
    "link": "https://www.htmlgames.com/game/Math+Search",
    "name": "Math Search",
    "embedLink": "https://cdn.htmlgames.com/MathSearch/index.html?npa=1",
    "category": "Mind"
  },
  {
    "image": "https://www.htmlgames.com/uploaded/game/thumb/letterscramble300200.jpg",
    "link": "https://www.htmlgames.com/game/Letter+Scramble",
    "name": "Letter Scramble",
    "embedLink": "https://cdn.htmlgames.com/LetterScramble/index.html?npa=1",
    "category": "Mind"
  },
  {
    "image": "https://www.htmlgames.com/uploaded/game/thumb/daily-codewords-300x200.jpg",
    "link": "https://www.htmlgames.com/game/Daily+Code+Words",
    "name": "Daily Code Words",
    "embedLink": "https://cdn.htmlgames.com/DailyCodeWords/index.html?npa=1",
    "category": "Mind"
  },
  {
    "image": "https://www.htmlgames.com/uploaded/game/thumb/fairywordsearch300200.jpg",
    "link": "https://www.htmlgames.com/game/Fairy+Word+Search",
    "name": "Fairy Word Search",
    "embedLink": "https://cdn.htmlgames.com/FairyWordSearch/index.html?npa=1",
    "category": "Mind"
  },
  {
    "image": "https://www.htmlgames.com/uploaded/game/thumb/extremeblocks300200.jpg",
    "link": "https://www.htmlgames.com/game/Extreme+Blocks",
    "name": "Extreme Blocks",
    "embedLink": "https://cdn.htmlgames.com/ExtremeBlocks/index.html?npa=1",
    "category": "Mind"
  },
  {
    "image": "https://www.htmlgames.com/uploaded/game/thumb/constructionweights300.jpg",
    "link": "https://www.htmlgames.com/game/Construction+Weights",
    "name": "Construction Weights",
    "embedLink": "https://cdn.htmlgames.com/ConstructionWeights/index.html?npa=1",
    "category": "Mind"
  },
  {
    "image": "https://www.htmlgames.com/uploaded/game/thumb/1010hex300.jpg",
    "link": "https://www.htmlgames.com/game/1010+Hex",
    "name": "1010 Hex",
    "embedLink": "https://cdn.htmlgames.com/1010Hex/index.html?npa=1",
    "category": "Mind"
  },
  {
    "image": "https://www.htmlgames.com/uploaded/game/thumb/jigsawjamanimal300200.jpg",
    "link": "https://www.htmlgames.com/game/Jigsaw+Jam+Animal",
    "name": "Jigsaw Jam Animal",
    "embedLink": "https://cdn.htmlgames.com/JigsawJamAnimal/index.html?npa=1",
    "category": "Mind"
  },
  {
    "image": "https://www.htmlgames.com/uploaded/game/thumb/mouseconnection300.jpg",
    "link": "https://www.htmlgames.com/game/Mouse+Connection",
    "name": "Mouse Connection",
    "embedLink": "https://cdn.htmlgames.com/MouseConnection/index.html?npa=1",
    "category": "Mind"
  },
  {
    "image": "https://www.htmlgames.com/uploaded/game/thumb/burgershop300-2.jpg",
    "link": "https://www.htmlgames.com/game/Burger+Shop",
    "name": "Burger Shop",
    "embedLink": "https://cdn.htmlgames.com/BurgerShop/index.html?npa=1",
    "category": "Mind"
  },
  {
    "image": "https://www.htmlgames.com/uploaded/game/thumb/linesandblocks300200.jpg",
    "link": "https://www.htmlgames.com/game/Lines+and+Blocks",
    "name": "Lines and Blocks",
    "embedLink": "https://cdn.htmlgames.com/LinesAndBlocks/index.html?npa=1",
    "category": "Mind"
  },
  {
    "image": "https://www.htmlgames.com/uploaded/game/thumb/rapidmath300200.jpg",
    "link": "https://www.htmlgames.com/game/Rapid+Math",
    "name": "Rapid Math",
    "embedLink": "https://cdn.htmlgames.com/RapidMath/index.html?npa=1",
    "category": "Mind"
  },
  {
    "image": "https://www.htmlgames.com/uploaded/game/thumb/mathfun300200.jpg",
    "link": "https://www.htmlgames.com/game/Math+Fun",
    "name": "Math Fun",
    "embedLink": "https://cdn.htmlgames.com/MathFun/index.html?npa=1",
    "category": "Mind"
  },
  {
    "image": "https://www.htmlgames.com/uploaded/game/thumb/dailymaze300.jpg",
    "link": "https://www.htmlgames.com/game/Daily+Maze",
    "name": "Daily Maze",
    "embedLink": "https://cdn.htmlgames.com/DailyMaze/index.html?npa=1",
    "category": "Mind"
  },
  {
    "image": "https://www.htmlgames.com/uploaded/game/thumb/etbrain300200.jpg",
    "link": "https://www.htmlgames.com/game/ET+Brain",
    "name": "ET Brain",
    "embedLink": "https://cdn.htmlgames.com/ETBrain/index.html?npa=1",
    "category": "Mind"
  },
  {
    "image": "https://www.htmlgames.com/uploaded/game/thumb/senet300200.jpg",
    "link": "https://www.htmlgames.com/game/Senet",
    "name": "Senet",
    "embedLink": "https://cdn.htmlgames.com/Senet/index.html?npa=1",
    "category": "Mind"
  },
  {
    "image": "https://www.htmlgames.com/uploaded/game/thumb/dailysudokux300.jpg",
    "link": "https://www.htmlgames.com/game/Daily+Sudoku+X",
    "name": "Daily Sudoku X",
    "embedLink": "https://cdn.htmlgames.com/DailySudokuX/index.html?npa=1",
    "category": "Mind"
  },
  {
    "image": "https://www.htmlgames.com/uploaded/game/thumb/dailytrafficjam300.jpg",
    "link": "https://www.htmlgames.com/game/Daily+Traffic+Jam",
    "name": "Daily Traffic Jam",
    "embedLink": "https://cdn.htmlgames.com/DailyTrafficJam/index.html?npa=1",
    "category": "Mind"
  },
  {
    "image": "https://www.htmlgames.com/uploaded/game/thumb/binario-300x200.jpg",
    "link": "https://www.htmlgames.com/game/Daily+Binario",
    "name": "Daily Binario",
    "embedLink": "https://cdn.htmlgames.com/DailyBinario/index.html?npa=1",
    "category": "Mind"
  },
  {
    "image": "https://www.htmlgames.com/uploaded/game/thumb/shellchallenge300200.jpg",
    "link": "https://www.htmlgames.com/game/Shell+Challenge",
    "name": "Shell Challenge",
    "embedLink": "https://cdn.htmlgames.com/ShellChallenge/index.html?npa=1",
    "category": "Mind"
  },
  {
    "image": "https://www.htmlgames.com/uploaded/game/thumb/2048growup300200.jpg",
    "link": "https://www.htmlgames.com/game/2048+Grow+Up",
    "name": "2048 Grow Up",
    "embedLink": "https://cdn.htmlgames.com/2048Growup/index.html?npa=1",
    "category": "Mind"
  },
  {
    "image": "https://www.htmlgames.com/uploaded/game/thumb/robotmaster300200.jpg",
    "link": "https://www.htmlgames.com/game/Robot+Master",
    "name": "Robot Master",
    "embedLink": "https://cdn.htmlgames.com/RobotMaster/index.html?npa=1",
    "category": "Mind"
  },
  {
    "image": "https://www.htmlgames.com/uploaded/game/thumb/reach10300200.jpg",
    "link": "https://www.htmlgames.com/game/Reach+10",
    "name": "Reach 10",
    "embedLink": "https://cdn.htmlgames.com/Reach10/index.html?npa=1",
    "category": "Mind"
  },
  {
    "image": "https://www.htmlgames.com/uploaded/game/thumb/towerofhanoi300200.jpg",
    "link": "https://www.htmlgames.com/game/Tower+of+Hanoi",
    "name": "Tower of Hanoi",
    "embedLink": "https://cdn.htmlgames.com/TowerOfHanoi/index.html?npa=1",
    "category": "Mind"
  },
  {
    "image": "https://www.htmlgames.com/uploaded/game/thumb/lettermix300200.jpg",
    "link": "https://www.htmlgames.com/game/Letter+Mix",
    "name": "Letter Mix",
    "embedLink": "https://cdn.htmlgames.com/LetterMix/index.html?npa=1",
    "category": "Mind"
  },
  {
    "image": "https://www.htmlgames.com/uploaded/game/thumb/pizzashop300.jpg",
    "link": "https://www.htmlgames.com/game/Pizza+Shop",
    "name": "Pizza Shop",
    "embedLink": "https://cdn.htmlgames.com/PizzaShop/index.html?npa=1",
    "category": "Mind"
  },
  {
    "image": "https://www.htmlgames.com/uploaded/game/thumb/treasurehunt300200.jpg",
    "link": "https://www.htmlgames.com/game/Treasure+Hunt",
    "name": "Treasure Hunt",
    "embedLink": "https://cdn.htmlgames.com/TreasureHunt/index.html?npa=1",
    "category": "Mind"
  },
  {
    "image": "https://www.htmlgames.com/uploaded/game/thumb/chalkboardsums300.jpg",
    "link": "https://www.htmlgames.com/game/Chalkboard+Sums",
    "name": "Chalkboard Sums",
    "embedLink": "https://cdn.htmlgames.com/ChalkboardSums/index.html?npa=1",
    "category": "Mind"
  },
  {
    "image": "https://www.htmlgames.com/uploaded/game/thumb/pixelfactory300200.jpg",
    "link": "https://www.htmlgames.com/game/Pixel+Factory",
    "name": "Pixel Factory",
    "embedLink": "https://cdn.htmlgames.com/PixelFactory/index.html?npa=1",
    "category": "Mind"
  },
  {
    "image": "https://www.htmlgames.com/uploaded/game/thumb/airportmanagement3300200.jpg",
    "link": "https://www.htmlgames.com/game/Airport+Management+3",
    "name": "Airport Management 3",
    "embedLink": "https://cdn.htmlgames.com/AirportManagement3/index.html?npa=1",
    "category": "Mind"
  },
  {
    "image": "https://www.htmlgames.com/uploaded/game/thumb/dailystr8ts300.jpg",
    "link": "https://www.htmlgames.com/game/Daily+Str8ts",
    "name": "Daily Str8ts",
    "embedLink": "https://cdn.htmlgames.com/DailyStr8ts/index.html?npa=1",
    "category": "Mind"
  },
  {
    "image": "https://www.htmlgames.com/uploaded/game/thumb/dailysuguru300.jpg",
    "link": "https://www.htmlgames.com/game/Daily+Suguru",
    "name": "Daily Suguru",
    "embedLink": "https://cdn.htmlgames.com/DailySuguru/index.html?npa=1",
    "category": "Mind"
  },
  {
    "image": "https://www.htmlgames.com/uploaded/game/thumb/blobs300.jpg",
    "link": "https://www.htmlgames.com/game/Blobs",
    "name": "Blobs",
    "embedLink": "https://cdn.htmlgames.com/Blobs/index.html?npa=1",
    "category": "Mind"
  },
  {
    "image": "https://www.htmlgames.com/uploaded/game/thumb/matchallzoobies300200.jpg",
    "link": "https://www.htmlgames.com/game/Match+all+Zoobies",
    "name": "Match all Zoobies",
    "embedLink": "https://cdn.htmlgames.com/MatchAllZoobies/index.html?npa=1",
    "category": "Mind"
  },
  {
    "image": "https://www.htmlgames.com/uploaded/game/thumb/zoobiedoku300200.jpg",
    "link": "https://www.htmlgames.com/game/Zoobiedoku",
    "name": "Zoobiedoku",
    "embedLink": "https://cdn.htmlgames.com/Zoobiedoku/index.html?npa=1",
    "category": "Mind"
  },
  {
    "image": "https://www.htmlgames.com/uploaded/game/thumb/swipeacar300200.jpg",
    "link": "https://www.htmlgames.com/game/Swipe+a+Car",
    "name": "Swipe a Car",
    "embedLink": "https://cdn.htmlgames.com/SwipeACar/index.html?npa=1",
    "category": "Mind"
  },
  {
    "image": "https://www.htmlgames.com/uploaded/game/thumb/looklook300200.jpg",
    "link": "https://www.htmlgames.com/game/Look+Look",
    "name": "Look Look",
    "embedLink": "https://cdn.htmlgames.com/LookLook/index.html?npa=1",
    "category": "Mind"
  },
  {
    "image": "https://www.htmlgames.com/uploaded/game/thumb/daily-crossword-300x200.jpg",
    "link": "https://www.htmlgames.com/game/Daily+Crossword",
    "name": "Daily Crossword",
    "embedLink": "https://cdn.htmlgames.com/DailyCrossword/index.html?npa=1",
    "category": "Mind"
  },
  {
    "image": "https://www.htmlgames.com/uploaded/game/thumb/neonrotate300200.jpg",
    "link": "https://www.htmlgames.com/game/Neon+Rotate",
    "name": "Neon Rotate",
    "embedLink": "https://cdn.htmlgames.com/NeonRotate/index.html?npa=1",
    "category": "Mind"
  },
  {
    "image": "https://www.htmlgames.com/uploaded/game/thumb/gobang300.jpg",
    "link": "https://www.htmlgames.com/game/Gobang",
    "name": "Gobang",
    "embedLink": "https://cdn.htmlgames.com/Gobang/index.html?npa=1",
    "category": "Mind"
  },
  {
    "image": "https://www.htmlgames.com/uploaded/game/thumb/lifesudoku300200.jpg",
    "link": "https://www.htmlgames.com/game/Life+Sudoku",
    "name": "Life Sudoku",
    "embedLink": "https://cdn.htmlgames.com/LifeSudoku/index.html?npa=1",
    "category": "Mind"
  },
  {
    "image": "https://www.htmlgames.com/uploaded/game/thumb/taglichewortsuche300.jpg",
    "link": "https://www.htmlgames.com/game/T%C3%A4gliche+Wortsuche",
    "name": "Tägliche Wortsuche",
    "embedLink": "https://cdn.htmlgames.com/TäglicheWortsuche/index.html?npa=1",
    "category": "Mind"
  },
  {
    "image": "https://www.htmlgames.com/uploaded/game/thumb/slideandroll300.jpg",
    "link": "https://www.htmlgames.com/game/Slide+and+Roll",
    "name": "Slide and Roll",
    "embedLink": "https://cdn.htmlgames.com/SlideAndRoll/index.html?npa=1",
    "category": "Mind"
  },
  {
    "image": "https://www.htmlgames.com/uploaded/game/thumb/dailydominopuzzle300.jpg",
    "link": "https://www.htmlgames.com/game/Daily+Domino+Puzzle",
    "name": "Daily Domino Puzzle",
    "embedLink": "https://cdn.htmlgames.com/DailyDominoPuzzle/index.html?npa=1",
    "category": "Mind"
  },
  {
    "image": "https://www.htmlgames.com/uploaded/game/thumb/flowersudoku300200.jpg",
    "link": "https://www.htmlgames.com/game/Flower+Sudoku",
    "name": "Flower Sudoku",
    "embedLink": "https://cdn.htmlgames.com/FlowerSudoku/index.html?npa=1",
    "category": "Mind"
  },
  {
    "image": "https://www.htmlgames.com/uploaded/game/thumb/wordfishing300200.jpg",
    "link": "https://www.htmlgames.com/game/Word+Fishing",
    "name": "Word Fishing",
    "embedLink": "https://cdn.htmlgames.com/WordFishing/index.html?npa=1",
    "category": "Mind"
  },
  {
    "image": "https://www.htmlgames.com/uploaded/game/thumb/dailyshirokuro300.jpg",
    "link": "https://www.htmlgames.com/game/Daily+Shirokuro",
    "name": "Daily Shirokuro",
    "embedLink": "https://cdn.htmlgames.com/DailyShirokuro/index.html?npa=1",
    "category": "Mind"
  },
  {
    "image": "https://www.htmlgames.com/uploaded/game/thumb/busquedadepalabras300.jpg",
    "link": "https://www.htmlgames.com/game/B%C3%BAsqueda+de+Palabras+Diaria",
    "name": "Búsqueda de Palabras Diaria",
    "embedLink": "https://cdn.htmlgames.com/BusquedaDePalabrasDiara/index.html?npa=1",
    "category": "Mind"
  },
  {
    "image": "https://www.htmlgames.com/uploaded/game/thumb/dailyznumbers300.jpg",
    "link": "https://www.htmlgames.com/game/Daily+ZNumbers",
    "name": "Daily ZNumbers",
    "embedLink": "https://cdn.htmlgames.com/DailyZNumbers/index.html?npa=1",
    "category": "Mind"
  },
  {
    "image": "https://www.htmlgames.com/uploaded/game/thumb/countrylabyrinth2300200.jpg",
    "link": "https://www.htmlgames.com/game/Country+Labyrinth+2",
    "name": "Country Labyrinth 2",
    "embedLink": "https://cdn.htmlgames.com/CountryLabyrinth2/index.html?npa=1",
    "category": "Mind"
  },
  {
    "image": "https://www.htmlgames.com/uploaded/game/thumb/mazeroll300200.jpg",
    "link": "https://www.htmlgames.com/game/Maze+Roll",
    "name": "Maze Roll",
    "embedLink": "https://cdn.htmlgames.com/MazeRoll/index.html?npa=1",
    "category": "Mind"
  },
  {
    "image": "https://www.htmlgames.com/uploaded/game/thumb/weavelines300200.jpg",
    "link": "https://www.htmlgames.com/game/Weave+Lines",
    "name": "Weave Lines",
    "embedLink": "https://cdn.htmlgames.com/WeaveLines/index.html?npa=1",
    "category": "Mind"
  },
  {
    "image": "https://www.htmlgames.com/uploaded/game/thumb/dagelijkse-paspuzzel-300.jpg",
    "link": "https://www.htmlgames.com/game/Dagelijkse+Paspuzzel",
    "name": "Dagelijkse Paspuzzel",
    "embedLink": "https://cdn.htmlgames.com/DagelijksePaspuzzel/index.html?npa=1",
    "category": "Mind"
  },
  {
    "image": "https://www.htmlgames.com/uploaded/game/thumb/palabradelogicodeldia300.jpg",
    "link": "https://www.htmlgames.com/game/Palabra+de+L%C3%B3gico+Del+Dia",
    "name": "Palabra de Lógico Del Dia",
    "embedLink": "https://cdn.htmlgames.com/PalabraDeLogicoDelDia/index.html?npa=1",
    "category": "Mind"
  },
  {
    "image": "https://www.htmlgames.com/uploaded/game/thumb/moveandmatch300200.jpg",
    "link": "https://www.htmlgames.com/game/Move+and+Match",
    "name": "Move and Match",
    "embedLink": "https://cdn.htmlgames.com/MoveAndMatch/index.html?npa=1",
    "category": "Mind"
  },
  {
    "image": "https://www.htmlgames.com/uploaded/game/thumb/dailysamegame300.jpg",
    "link": "https://www.htmlgames.com/game/Daily+Same+Game",
    "name": "Daily Same Game",
    "embedLink": "https://cdn.htmlgames.com/DailySameGame/index.html?npa=1",
    "category": "Mind"
  },
  {
    "image": "https://www.htmlgames.com/uploaded/game/thumb/honeybee300200.jpg",
    "link": "https://www.htmlgames.com/game/Honey+Bee",
    "name": "Honey Bee",
    "embedLink": "https://cdn.htmlgames.com/HoneyBee/index.html?npa=1",
    "category": "Mind"
  },
  {
    "image": "https://www.htmlgames.com/uploaded/game/thumb/dailydogpooh300.jpg",
    "link": "https://www.htmlgames.com/game/Daily+Dog+Pooh",
    "name": "Daily Dog Pooh",
    "embedLink": "https://cdn.htmlgames.com/DailyDogPooh/index.html?npa=1",
    "category": "Mind"
  },
  {
    "image": "https://www.htmlgames.com/uploaded/game/thumb/mahjong2048300200.jpg",
    "link": "https://www.htmlgames.com/game/Mahjong+2048",
    "name": "Mahjong 2048",
    "embedLink": "https://cdn.htmlgames.com/Mahjong2048/index.html?npa=1",
    "category": "Mind"
  },
  {
    "image": "https://www.htmlgames.com/uploaded/game/thumb/easterpuzzle300200.jpg",
    "link": "https://www.htmlgames.com/game/Easter+Puzzle",
    "name": "Easter Puzzle",
    "embedLink": "https://cdn.htmlgames.com/EasterPuzzle/index.html?npa=1",
    "category": "Mind"
  },
  {
    "image": "https://www.htmlgames.com/uploaded/game/thumb/neon-math-300.jpg",
    "link": "https://www.htmlgames.com/game/Neon+Math",
    "name": "Neon Math",
    "embedLink": "https://cdn.htmlgames.com/NeonMath/index.html?npa=1",
    "category": "Mind"
  },
  {
    "image": "https://www.htmlgames.com/uploaded/game/thumb/woggle300.jpg",
    "link": "https://www.htmlgames.com/game/Woggle",
    "name": "Woggle",
    "embedLink": "https://cdn.htmlgames.com/Woggle/index.html?npa=1",
    "category": "Mind"
  },
  {
    "image": "https://www.htmlgames.com/uploaded/game/thumb/colorpixellink300200.jpg",
    "link": "https://www.htmlgames.com/game/Color+Pixel+Link",
    "name": "Color Pixel Link",
    "embedLink": "https://cdn.htmlgames.com/ColorPixelLink/index.html?npa=1",
    "category": "Mind"
  },
  {
    "image": "https://www.htmlgames.com/uploaded/game/thumb/tangrams300200.jpg",
    "link": "https://www.htmlgames.com/game/Tangrams",
    "name": "Tangrams",
    "embedLink": "https://cdn.htmlgames.com/Tangrams/index.html?npa=1",
    "category": "Mind"
  },
  {
    "image": "https://www.htmlgames.com/uploaded/game/thumb/neontracks300200.jpg",
    "link": "https://www.htmlgames.com/game/Neon+Tracks",
    "name": "Neon Tracks",
    "embedLink": "https://cdn.htmlgames.com/NeonTracks/index.html?npa=1",
    "category": "Mind"
  },
  {
    "image": "https://www.htmlgames.com/uploaded/game/thumb/quickarithmetic300.jpg",
    "link": "https://www.htmlgames.com/game/Quick+Arithmetic",
    "name": "Quick Arithmetic",
    "embedLink": "https://cdn.htmlgames.com/QuickArithmetic/index.html?npa=1",
    "category": "Mind"
  },
  {
    "image": "https://www.htmlgames.com/uploaded/game/thumb/dailylinegame300.jpg",
    "link": "https://www.htmlgames.com/game/Daily+Line+Game",
    "name": "Daily Line Game",
    "embedLink": "https://cdn.htmlgames.com/DailyLineGame/index.html?npa=1",
    "category": "Mind"
  },
  {
    "image": "https://www.htmlgames.com/uploaded/game/thumb/jewelsshop300200.jpg",
    "link": "https://www.htmlgames.com/game/Jewel+Shop",
    "name": "Jewel Shop",
    "embedLink": "https://cdn.htmlgames.com/JewelShop/index.html?npa=1",
    "category": "Mind"
  },
  {
    "image": "https://www.htmlgames.com/uploaded/game/thumb/numbermaze300200.jpg",
    "link": "https://www.htmlgames.com/game/Number+Maze",
    "name": "Number Maze",
    "embedLink": "https://cdn.htmlgames.com/NumberMaze/index.html?npa=1",
    "category": "Mind"
  },
  {
    "image": "https://www.htmlgames.com/uploaded/game/thumb/taegliches-luecken-kreuzwort-300.jpg",
    "link": "https://www.htmlgames.com/game/T%C3%A4gliches+L%C3%BCckenkreuzwort",
    "name": "Tägliches Lückenkreuzwort",
    "embedLink": "https://cdn.htmlgames.com/TäglichesLückenkreuzwort/index.html?npa=1",
    "category": "Mind"
  }
]